C#,CNAME,PERIOD,CREDIT,TEACHER
GNED110400,大学生心理健康与自我调适,32.0,2.0,"吴梦瑶,康楠,刘可馨,姚斌"
SOCP100190,课外实践8学分,0.0,8.0,"刘莹,郑向国"
GNED106292,大学生创业训练与实践,32.0,2.0,沈人杰
GNED106392,大学生职业发展与规划,32.0,2.0,郑旭红
GNED106492,国际化视野及能力培养提升,32.0,2.0,"徐东海,郑旭红,许明"
GNED115200,在线开放课程助教,0.0,0.0,教务系统管理员
BSIS400121,毕业设计（论文）,128.0,8.0,赵炜
INFT500121,计算机基础,16.0,1.0,贾应智
JZSJ900121,中国传统文化实践-2,16.0,1.0,孙立滨
LITE101021,中国概况,32.0,2.0,杨杨
LITE101121,当代影视鉴赏,32.0,2.0,张知倞
LITE101321,简明中国历史,32.0,2.0,路荣
LITE200321,汉语综合课2,96.0,6.0,杨杨
LITE200521,汉语听说2,64.0,4.0,李馨郁
LITE302321,口腔医学汉语2,64.0,4.0,海莹
LITE302721,汉语听力2,64.0,4.0,冯潇
LITE303021,汉语口语2,128.0,8.0,马春燕
LITE303221,综合医学汉语2,64.0,4.0,苗渲培
LITE303721,综合医学汉语4,64.0,4.0,谈芳
LITE304421,初级汉语听力2,64.0,4.0,王美玲
LITE304621,中级汉语听说2,64.0,4.0,冯潇
LITE305021,中级汉语写作2,32.0,2.0,李馨郁
LITE305321,基础医学汉语2,64.0,4.0,苗渲培
LITE305421,初级汉语口语2,96.0,6.0,刘莹
LITE305621,综合医学汉语6,64.0,4.0,蒋平福
LITE305821,中级汉语阅读2,64.0,4.0,刘莹
LITE306121,HSK四级综合课,160.0,10.0,谈芳
LITE306221,口腔医学汉语4,64.0,4.0,李丹丹
LITE306321,口腔医学汉语6,64.0,4.0,海莹
LITE306821,综合医学汉语8,64.0,4.0,戴艳茹
LITE306921,口腔医学汉语8,64.0,4.0,杨伟奇
LITE307021,汉语综合-2,64.0,4.0,张知倞
LITE401121,初级汉语精读2,160.0,10.0,孙玉茜
LITE401421,中级汉语精读2,128.0,8.0,路荣
LITE401521,高级汉语综合2,64.0,4.0,刘莹
LITE401821,现代汉语2,32.0,2.0,冯潇
LITE402321,商务对话-2,64.0,4.0,王美玲
LITE402421,商务汉语写作-2,32.0,2.0,李馨郁
LITE402621,商务汉语综合-2,96.0,6.0,赵炜
LITE501121,中国经济与对外贸易概况,32.0,2.0,杨杨
LITE501321,汉字概论,32.0,2.0,李馨郁
LITE502121,商务新闻阅读,32.0,2.0,孙玉茜
LITE502221,中国古代文学,32.0,2.0,马春燕
MATH400121,文科高等数学,64.0,4.0,贾应智
AUTO544905,工业社会学,24.0,1.5,陈天宁
CORE102600,创新思维和机器人创客实践,48.0,3.0,"张英杰,张政,徐海波"
FEES300101,工程光学I,48.0,3.0,"黄军辉,王兰兰"
FEES400101,食品化学,56.0,3.0,"彭锦峰,张璐薇"
FEES400301,微生物学,32.0,2.0,"薛晚利,代秉玲"
FEES400501,微生物学实验,32.0,1.0,张璐薇
FEES500101,食品工艺学,64.0,3.0,"谢玫珍,张璐薇,李珂嘉"
GNED100401,项目管理,32.0,2.0,陈富民
GNED100601,面向创业的机电产品创新设计,48.0,2.0,"张俊,桂亮,李宝童,金悦"
GNED100701,数字化设计与制造软件应用基础,40.0,2.0,许睦旬
GNED100901,先进制造之美,32.0,2.0,"蒋维涛,梁庆宣"
GNED101001,艺术设计思维与实践,32.0,2.0,"李萌,杨增耀"
GNED101101,人工智能导论,40.0,2.0,"张小栋,秦立果"
INDE000701,工业设计导论,16.0,1.0,"张煜,李萌,杨增耀,李宏伟,蔺肖曼,陈天宁"
INDE300601,机械设计基础Ⅲ,48.0,2.5,奚延辉
INDE400101,工业社会学,32.0,2.0,孙孝飞
INDE400601,设计调查,32.0,2.0,杨增耀
INDE401401,设计造型Ⅱ,48.0,2.0,蔺肖曼
INDE401501,工业设计心理学基础,40.0,2.0,张煜
INDE401601,人因素和人机学,48.0,2.5,李宏伟
INDE500801,人机界面设计,40.0,2.0,杨增耀
INDE500901,工业大数据处理与程序设计,40.0,2.0,卫颜俊
INDE501001,Web编程技术,40.0,2.0,谢涛
INDE900201,工业设计实践Ⅱ-5,32.0,1.0,杨增耀
INDE900301,工业设计实践Ⅱ-2,32.0,1.0,张煜
INDE900801,工业设计实践Ⅰ-5,32.0,1.0,李宏伟
INDE901001,工业设计实践Ⅰ-2,32.0,1.0,蔺肖曼
INSM000101,测控技术导论,16.0,1.0,"赵立波,杨青,赵宏,彭年才,彭锦峰,梁霖,景蔚萱"
INSM302001,工程光学II-2,40.0,2.5,贾书海
INSM302201,误差理论与数据处理,32.0,2.0,李支康
INSM401201,无线传感网络技术,24.0,1.5,韦学勇
INSM401501,测试技术,48.0,2.0,"徐光华,李敏"
INSM401601,MEMS技术及应用,40.0,2.0,卢德江
INSM401801,数字图像处理,40.0,2.0,赵自新
INSM501901,智能仪器与虚拟仪器设计,52.0,3.0,"侯成刚,陶唐飞"
INSM502001,设备监测与诊断技术及应用,36.0,1.5,"徐光华,梁霖"
INSM502101,机床精密测量与动态测试,40.0,2.0,"李兵,丁建军"
INSM900101,仪器设计综合性实验-1,80.0,2.5,"侯成刚,刘弹"
INSM900301,工程光学专题实验,16.0,0.5,胡改玲
ITDE500601,模具设计与制造工艺,56.0,2.0,臧顺来
ITDE500701,CDIO项目实践,56.0,2.0,段玉岗
JZSJ900101,光电检测专题实验,32.0,1.0,"张璐薇,李珂嘉"
JZSJ900301,综合性实践训练,64.0,2.0,赵宏
MACH000101,机械工程导论,16.0,1.0,朱永生
MACH000201,智能制造工程导论,16.0,1.0,"陈雪峰,陈贵敏,张留洋,张小栋,曹军义,周光辉,江平宇,刘啸川"
MACH390801,机械制图,48.0,3.0,刘弹
MACH390901,工程制图,32.0,2.0,彭军
MACH391201,工程图学,52.0,3.0,许睦旬
MACH391401,机械设计基础Ⅰ,72.0,4.0,"雷亚国,武通海"
MACH391501,机械设计基础Ⅱ,56.0,3.0,"蒋克俭,崔健磊"
MACH392001,大数据技术,36.0,2.0,"严如强,李乃鹏"
MACH392201,大数据技术,64.0,4.0,"张留洋,刘啸川,马猛"
MACH392301,程序设计与Python实战,32.0,2.0,马军
MACH392401,材料力学（英）,48.0,3.0,"靳忠民,李培"
MACH400301,机械设计基础课程设计,32.0,1.0,杨培林
MACH400501,机械制造技术基础,56.0,3.0,赵万华
MACH400801,机械控制工程基础,56.0,3.0,王朝晖
MACH402801,材料成形技术基础,32.0,2.0,"李烨飞,张琦,方学伟"
MACH402901,机械工程测试技术,48.0,2.5,张庆
MACH403001,机械工程测试技术（英）,48.0,2.5,杨树明
MACH403201,材料成形技术基础（英）,32.0,2.0,"王富,黄科"
MACH403301,数控技术,56.0,3.0,"梅雪松,张东升"
MACH403601,微纳制造工艺与装备,48.0,2.5,"邵金友,陈小明,李祥明,田洪淼,王春慧"
MACH403701,机器人技术及应用,40.0,2.0,董霞
MACH404001,智能制造技术基础,64.0,3.5,张俊
MACH404401,人工智能基础,64.0,4.0,"张小栋,秦立果"
MACH404501,机械设计及其智能化,48.0,3.0,"王永泉,李宝童,朱爱斌,赵志斌,刘宏磊,权双璐,郭婷,桂亮"
MACH500701,装备与制造系统,40.0,2.0,徐海波
MACH501201,现代机器人技术,40.0,2.0,董霞
MACH501301,企业与生产运作管理,36.0,2.0,马登龙
MACH501701,机械故障诊断技术,40.0,2.0,"訾艳阳,王琇峰,陈景龙"
MACH501801,机电液传动与控制,40.0,2.0,要义勇
MACH501901,机械动力学,32.0,2.0,吴成军
MACH502001,摩擦学,40.0,2.0,"董光能,曾群锋"
MACH502501,制造执行系统技术,40.0,2.0,"江平宇,郭威"
MACH502601,增材制造基础（英）,40.0,2.0,王富
MACH502801,增材制造技术（英）,40.0,2.0,"田小永,吴玲玲"
MACH503001,现代设计理论与方法,32.0,2.0,朱永生
MACH503101,柔性电子制造与应用（英）,32.0,2.0,陈小明
MACH900201,新形态机器人设计与驱控,64.0,2.0,"彭军,李博,朱子才,郭艳婕,赵志斌,张志成,刘庆芳"
MACH900401,智能制造系统的人工智能应用及实践,64.0,2.0,"王保建,孙闯,尹昱东,李珂嘉,秦立果,陈雪峰"
VENG430101,汽车电子与控制,40.0,2.0,张政
VENG430301,车辆制造实验,48.0,1.5,"金涛,臧顺来,尹昱东,方学伟,张大伟"
VENG430501,车辆制造装备与系统,24.0,1.5,张大伟
VENG430601,车辆工程导论,16.0,1.0,"张琦,徐俊"
VENG430901,电动汽车与混合动力技术,40.0,2.0,曹军义
VENG431001,汽车结构有限元与数值计算,24.0,1.0,臧顺来
VENG510101,汽车动力学与噪声控制,34.0,2.0,马富银
VENG510201,车辆设计,40.0,2.0,"林起崟,韩宾"
VENG510301,现代轨道车辆,40.0,2.0,"王永飞,李靖祥"
VENG530401,车辆电机与驱动,40.0,2.0,"范淑琴,李靖祥"
VENG530501,智能汽车技术,32.0,2.0,"刘意,陈景龙"
VENG900201,车辆工程CDIO,56.0,2.0,徐俊
GNED100202,动漫世界的材料化学探秘,32.0,2.0,宁晓辉
MATL200102,工程材料基础,56.0,3.0,李博
MATL400602,材料性能,48.0,3.0,"单智伟,周玉美,王悦存"
MATL400702,Characterization techniques in materials science research,32.0,2.0,陈凯
MATL400902,材料工程基础,64.0,4.0,周根树
MATL401202,金相制备与分析实验,32.0,1.0,席生岐
MATL401302,材料性能与测试技术实验,32.0,1.0,"陈凯,牛靖"
MATL401402,高分子化学与物理实验,32.0,1.0,张启路
MATL401602,无机材料制备与性能测试实验,32.0,1.0,"史忠旗,夏鸿雁,王红洁"
MATL401902,材料科学基础-1,32.0,2.0,杨冠军
MATL402402,材料工程基础,40.0,2.5,周根树
MATL402602,材料研究方法,32.0,2.0,王疆靖
MATL402802,功能材料学,32.0,2.0,"郭靖,潘毅"
MATL403102,材料科学基础,40.0,2.5,王章洁
CORE100103,能源与人类文明发展,32.0,2.0,"杨冬,徐东海"
CORE100203,再创式学习方法与技术创新训练,32.0,2.0,"杨旭,薛绒,吴伟烽"
CORE100303,科学技术与工程伦理,32.0,2.0,"冯健美,陈雪江"
CORE100503,核与世界,32.0,2.0,"刘宙宇,王立剑,曹良志"
CORE100703,全球科技史纲,32.0,2.0,"赵日晶,白涛,黄东"
CORE101600,人与环境,32.0,2.0,"徐浩,李珊珊,饶永芳,冯江涛,延卫"
ENPO200203,热工基础Ⅰ,44.0,2.5,杨卫卫
ENPO340803,工程热力学（英）,64.0,3.5,"刘向阳,杨富鑫,辛楠"
ENPO341003,自动控制原理Ⅰ,52.0,2.5,"赵攀,王桂芳"
ENPO341103,流体力学Ⅰ,64.0,3.5,孟现阳
ENPO341203,工程热力学Ⅰ,64.0,3.5,"何雅玲,何茂刚"
ENPO341303,热能与动力测试技术,52.0,2.5,"邓清华,王珍珍,刘齐寿,王桂芳"
ENPO341403,流体力学（英）,64.0,3.5,孙金菊
ENPO341503,热流体课程实验-1,32.0,1.0,"唐上朝,吴青平,孟婧,王小丹,张可,程上方,邢张梦,梁雪琪"
ENPO341903,现代电力生产技术,56.0,3.0,"刘继平,王进仕,王桂芳,赵全斌,邱斌斌,韩小渠"
ENPO342003,储能原理与应用,48.0,3.0,"刘朝晖,杨冬,李明涛"
ENPO342103,先进制冷低温技术,56.0,3.0,"侯予,赖天伟,陈良,张兴群"
ENPO413103,流体热物性测试技术,56.0,3.0,"吴江涛,毕胜山,孟现阳,张可"
ENPO413203,换热器设计,48.0,3.0,"曾敏,马挺,钱苏昕,程志龙"
ENPO413303,透平机械流体动力学,48.0,3.0,何坤
ENPO420603,制冷与低温技术原理,52.0,3.0,"鱼剑琳,钱苏昕,厉彦忠,王磊,赵红利,刘晔,张兴群"
ENPO420703,流体机械原理,56.0,3.0,"王志恒,张楚华,林梅"
ENPO420803,热力发电厂,58.0,3.0,"吴东垠,韩小渠,王桂芳"
ENPO420903,压缩机原理与结构,52.0,3.0,"邢子文,吴伟烽,何志龙,王雷雷"
ENPO421003,发动机原理与构造,60.0,3.0,"王金华,刘圣华,李倩倩"
ENPO421103,锅炉原理,56.0,3.0,"车得福,邓磊,张润霞"
ENPO421203,汽轮机原理,56.0,3.0,"李军,晏鑫,刘观伟,张垲垣"
ENPO421303,汽车理论及构造,48.0,3.0,"汪映,王锡斌,黄勇成"
ENPO421403,新能源汽车动力与控制,52.0,3.0,"曾科,姜雪,杨博"
ENPO421503,储能热流基础实验,16.0,0.5,"孟婧,邢张梦"
ENPO421603,储能热流基础,64.0,4.0,"何雅玲,席奂,李冬"
ENPO421703,传热传质学,56.0,3.0,"陶文铨,李增耀,屈治国,陈黎,方文振"
ENPO421803,热质储能技术及应用实验,16.0,0.5,"孟婧,邢张梦"
ENPO421903,热质储能技术及应用,40.0,2.5,"陶于兵,程泽东"
ENPO422003,流体力学III,32.0,2.0,"方嘉宾,蔡柳溪"
ENPO422103,工程热力学III,32.0,2.0,"孙杰,杨福胜,袁庆"
ENPO422203,热质储能技术及应用实验,16.0,0.5,"孟婧,邢张梦"
ENPO422403,储能热流基础实验,16.0,0.5,"孟婧,邢张梦"
ENPO422503,传热传质学,56.0,3.0,"陶文铨,李增耀,陈黎,屈治国,方文振"
ENPO422603,热质储能技术及应用,40.0,2.5,"陶于兵,程泽东"
ENPO529303,能源科学技术前沿讲座,16.0,1.0,"严俊杰,苏光辉,席光,何雅玲,黄佐华,邢子文,厉彦忠,陶文铨"
ENPO529403,流体机械原理及储能应用,36.0,2.0,"张洋,党政,林梅"
ENPO900203,热质储能综合实验,32.0,1.0,王焕然
EVNG400103,大气污染控制工程,64.0,4.0,"何炽,高宁博,李鑫哲"
EVNG400303,水污染控制工程,64.0,4.0,"王云海,杨树成"
EVNG400503,固体废物处理与处置,48.0,3.0,"全翠,高宁博"
EVNG400703,环境影响评价,32.0,2.0,"孙健,刘萍萍"
EVNG401203,专业综合实验,64.0,2.0,张瑜
EVNG401303,污染控制实验,64.0,2.0,"张瑜,张润霞"
EVNG401403,环境规划与管理Ⅰ,32.0,2.0,"沈振兴,孙健"
EVNG401503,环境化学Ⅱ,32.0,2.0,"延卫,徐浩"
GNED105203,中华灯谜艺术及欣赏,32.0,2.0,"王美玲,陈雪江"
GNED106203,星际航行与低温技术,32.0,2.0,"马原,谢福寿,厉彦忠,蒲亮,王磊"
GNED106303,大数据及工程应用数据挖掘技术,32.0,2.0,李良星
GNED106403,制冷技术概论：从地面到空间,32.0,2.0,"赖天伟,薛绒,陈良,侯予"
GNED106503,能源绿色转化与碳减排,32.0,2.0,"杜勇博,邓磊,刘虎,王长安"
GNED106903,走向富足：通过科技改变人类未来,16.0,1.0,"周致富,李东"
GNED107003,汽车文化与社会发展,32.0,2.0,"刘虎,李倩倩"
GNED107103,《唐宋词鉴赏辞典》经典阅读,16.0,1.0,屠珊
GNED107203,储能技术创新与能源革命,32.0,2.0,"安豆,席奂"
GNED107503,能量与文明,32.0,2.0,"雷贤良,裴广强,刘朝晖"
MATH900103,工程数学建模,24.0,2.0,陈磊
NEEN300203,材料科学基础与新能源材料,40.0,2.5,"黄建兵,沈少华,师进文"
NEEN400103,生物学基础与生物质能转化原理及技术,60.0,3.5,"吕友军,徐强,金辉,曹稳"
NEEN400403,流体机械能转化原理与技术,38.0,2.0,"陈斌,周致富,骆政园,李东"
NEEN400503,新能源热利用与热发电原理及系统,46.0,2.5,"赵亮,李明涛,徐强"
NUCL320103,量子力学,48.0,3.0,赵耀林
NUCL320403,核材料基础,32.0,2.0,"恽迪,雷鹏辉"
NUCL320503,原子物理,32.0,2.0,赵耀林
NUCL321003,核辐射防护,40.0,2.0,"胡华四,胡光,褚俊,李彦霏,严明飞"
NUCL420403,原子核物理实验方法,48.0,3.0,"张清民,臧航"
NUCL420603,电离辐射剂量学,52.0,2.5,"刘书焕,褚俊,王炫"
NUCL420703,核反应堆物理分析,40.0,2.5,"吴宏春,刘宙宇"
NUCL420803,核反应堆控制,40.0,2.0,"王鹏飞,褚俊"
NUCL420903,核电子学,48.0,2.5,"贺朝会,李永宏"
NUCL421003,核电厂系统与动力设备,40.0,2.5,"张亚培,王成龙,单建强,葛莉"
NUCL421103,核反应堆热工分析,48.0,2.5,"王明军,褚俊,秋穗正"
NUCL421303,核信息获取与处理,32.0,1.5,"刘书焕,王鹏飞"
NUCL520203,核分析技术,32.0,2.0,"臧航,卢晨阳"
CODE420104,电子系统设计与实践,80.0,2.5,杨建国
CORE100104,新能源导论,32.0,2.0,"吴坚,周峻,吴锴"
CORE100204,能源互联网,16.0,1.0,"王锡凡,方万良,康小宁,别朝红"
CORE100304,电磁通史与技术前沿,32.0,2.0,"马慧,项彬,刘志远"
CORE102200,聚变能源与等离子体,32.0,2.0,"邱爱慈,吴坚,陈振茂,田文喜,李兴文"
EELC321304,模拟电子技术（英文）,64.0,4.0,陈文洁
EELC321604,电子技术实验1,16.0,0.5,"李锋,孙敏,张锋,刘涛,张皎,高昕悦,孔忻,王鹏光,白洁,骆一萍"
EELC321804,模拟电子技术,64.0,4.0,徐正红
EELC322304,模拟电子技术基础,60.0,3.5,杨建国
EELC322604,数字电子技术,48.0,3.0,宁改娣
EELC322704,模拟电子技术基础,48.0,3.0,陈文洁
EELC322804,电子技术基础,80.0,4.0,夏建生
EELC323004,电子技术实验-1,16.0,0.5,"李锋,张锋,孙敏,刘涛,张皎,高昕悦,孔忻,王鹏光,白洁,骆一萍"
EELC323504,电子技术基础,96.0,5.0,"赵进全,孙敏"
EELC323704,现代电子技术,56.0,3.0,"赵进全,孙敏"
EELC422904,人工智能与智能仪器,64.0,3.5,"曾翔君,骆一萍,汤晓君"
EELC423304,储能装置设计与开发实验,32.0,1.0,孙丽琼
EELC423404,电储能系统与并网技术,44.0,2.5,"王丰,易皓"
EELC423604,电力工程及储能应用,32.0,2.0,孟永庆
ELEC321304,电磁场与波,72.0,4.0,邹建龙
ELEC326104,电工电子技术导论,48.0,3.0,孟永鹏
ELEC327604,电工电子技术-1,48.0,3.0,刘晔
ELEC327704,电工电子技术-2,48.0,3.0,陈国联
ELEC327804,电工电子技术实验-1,16.0,0.5,李瑞程
ELEC327904,电工电子技术实验-2,16.0,0.5,原晓楠
ELEC328104,模电与大数电实验-1,24.0,0.5,"李锋,张锋,孙敏,刘涛,张皎,高昕悦,孔忻,王鹏光,白洁,骆一萍"
ELEC328604,信号与系统II,60.0,3.5,"王发强,沈瑶,王超,高昕悦"
ELEC422904,电力设备设计原理,32.0,2.0,"李盛涛,王诗航"
ELEC423004,电气材料基础,32.0,2.0,"钟力生,张锦英"
ELEC423704,电力系统稳态分析,68.0,4.0,"李崇涛,吴雄"
ELEC427204,电气工程及其自动化专业导论,16.0,1.0,"杨旭,杜正春,李盛涛,王建华,荣命哲,刘进军,汲胜昌,梁得亮"
ELEC427304,大数据科学与应用技术,32.0,2.0,焦在滨
ELEC427404,人工智能技术导论,32.0,2.0,曹晖
ELEC427704,高电压技术,56.0,3.0,"李江涛,赵军平,惠思思"
ELEC427904,电储能系统与并网技术,40.0,2.0,"王丰,易皓"
ELEC428004,能源互联网,32.0,2.0,"谢海鹏,陈晨"
ELEC428204,电力设备基础,48.0,3.0,闫静
ELEC521604,电机的智能控制,48.0,2.5,"丁文,孙萍"
ELEC521904,风力发电与太阳能发电技术,32.0,2.0,"雷万钧,王来利"
ELEC522504,现代控制理论基础,48.0,3.0,贾要勤
ELEC523204,新能源概论,48.0,2.5,"吴锴,姚学玲,吴坚,周峻"
ELEC523304,新能源与分布式发电,40.0,2.0,"吴锴,周峻,何英杰,肖云鹏"
ELEC523504,电力系统仿真理论与实践,40.0,2.0,"张耀,陈晨"
ELEC523604,电力系统继电保护原理,68.0,4.0,常仲学
ELEC523704,电力系统新技术专题New Technology of Power Systems,16.0,1.0,"王秀丽,杜正春"
ELEC523904,电力系统自动化,32.0,2.0,李宇骏
ELEC524404,发电厂电气部分,36.0,2.0,闫晨光
ELEC524504,新能源电力系统规划与运行,40.0,2.0,"刘俊,宁联辉"
ELEC525704,工程电介质物理学,48.0,3.0,"李建英,闵道敏"
ELEC526204,电磁兼容技术,48.0,2.5,"陈玉,白洁,孔忻"
ELEC526504,高电压综合实验,64.0,2.0,"姜惟,惠思思,吕亮"
ELEC527204,放电等离子体基础及应用,32.0,2.0,"吴坚,石桓通,李兴文"
ELEC527504,电器理论基础,48.0,2.5,"史宗谦,王宣东"
ELEC527604,电机设计,40.0,2.0,丁文
ELEC527704,高电压试验与测试,48.0,2.5,"张乔根,刘轩东"
ELEC528304,控制电机,48.0,2.5,"娄建勇,孙萍"
ELEC528604,高电压绝缘技术基础,40.0,2.0,"张冠军,常正实,孙安邦,惠思思"
ELEC528704,电力开关设备,32.0,2.0,"闫静,吴翊"
ELEC529204,工业计算机控制技术,56.0,3.0,"崔栋刚,甘永梅,迟晓红"
ELEC529304,电机测试技术,32.0,2.0,刘凌
ELEC529404,单片计算机原理及应用,36.0,2.0,"贾立新,迟晓红"
ELEC529504,智能电网储能应用技术,36.0,2.0,"王建学,孟永庆,宁联辉"
GNED106004,前沿科技与伦理反思,32.0,2.0,"邓军波,刘增,石建稳,徐正红,孙安邦"
GNED106304,电动汽车及其生态系统,32.0,2.0,"韩晓刚,王康平,周峻,张帆,杨旭,王丰"
GNED106404,新能源材料与装备,32.0,2.0,"肖冰,史乐,石建稳,张锦英,陈欣,成永红"
GNED106504,科学测量与发现,32.0,2.0,"庞磊,张乔根"
INSM400504,测控电路,40.0,2.0,"丁晖,孔忻"
INSM401104,自动化仪表,48.0,2.5,"胡红利,孔忻"
INSM401304,MEMS传感器和执行器,32.0,2.0,李运甲
INSM401404,光电检测技术,32.0,2.0,丁晖
JZSJ901004,国际交流,0.0,0.0,"李睿洁,杨旭"
JZSJ901104,创新设计与竞赛课程,32.0,1.0,沈瑶
JZSJ901504,储能装置监测系统设计,64.0,3.0,"宋政湘,孙丽琼"
AASP300206,空气与气体动力学,72.0,4.0,张科
AASP414006,航空推进原理,56.0,3.0,杨亚晶
AASP414206,航空飞行器总体设计,32.0,2.0,胡淑玲
AASP414306,航天飞行器总体设计,32.0,2.0,陈刚
AASP414406,飞行器制导与导航原理,40.0,2.0,梁勇奇
AASP414506,航空航天推进技术,32.0,2.0,左逢源
AASP414606,热工基础Ⅱ,32.0,2.0,阳倦成
AASP414706,工程热力学II,48.0,3.0,武俊梅
AASP501306,飞行器总体课程设计,32.0,1.0,张扬
AASP501406,航空发动机结构与强度,40.0,2.5,杨利花
AASP502706,飞行器结构课程设计,32.0,1.0,"刘马宝,夏巍"
AASP502806,航空发动机控制系统,32.0,2.0,杨朝旭
AASP502906,飞行控制系统设计,32.0,2.0,荣海军
AASP503206,项目设计,32.0,1.0,胡淑玲
AASP503306,人工智能技术概论,32.0,2.0,"杨艺,杨朝旭"
AASP504006,航天器动力学与控制,32.0,2.0,"郎安琪,孙剑"
AASP504106,航空发动机结构动力学,32.0,2.0,徐自力
CORE100106,力学与工程,32.0,2.0,"刘子顺,吴莹,王飞,刘振,罗亚军,李勇,郁汶山,申胜平"
CORE100206,空间科学与空天技术,32.0,2.0,"武俊梅,刘马宝,郎安琪,刘振,董龙雷,陈刚"
JZSJ900606,力学分析软件概论,24.0,1.0,"裴翠祥,贾坤"
JZSJ900706,工程结构（实物）项目设计-1,16.0,0.5,李勇
JZSJ900806,结构模块课程设计-1,16.0,0.5,秦庆华
JZSJ901106,流体模块课程设计-2,16.0,0.5,张杰
MECH200106,张量分析与变分法,32.0,2.0,唐敬达
MECH300906,机械工程基础,32.0,2.0,张亚红
MECH311406,工程力学II,48.0,3.0,谭宁
MECH311506,工程力学I,64.0,3.5,张亚红
MECH311806,材料力学,56.0,3.5,丁春华
MECH312006,基础力学实验-2,16.0,0.5,武彤晖
MECH401206,振动力学,48.0,3.0,"徐自力,谢石林"
MECH402706,计算固体力学,40.0,2.0,李录贤
MECH402806,流体力学Ⅱ,56.0,3.0,许丁
MECH402906,实验力学-1,32.0,2.0,"方钦志,裴翠祥,贾坤"
MECH403006,实验力学-2,64.0,2.0,"方钦志,裴翠祥,贾坤"
MECH403106,计算流体力学,36.0,2.0,陈春刚
MECH403306,实验流体力学,48.0,2.0,"阳倦成,谢毅超,赵松川,雷蒋,张科"
MECH403406,固体力学,96.0,6.0,"殷民,徐光魁,刘咏泉"
MECH511906,塑性力学,32.0,2.0,尚福林
MECH512506,复合材料力学,32.0,2.0,刘益伦
MECH513406,土木工程结构基础,32.0,2.0,李勇
MECH513906,先进材料与结构,32.0,2.0,"张新华,丁春华,马利锋"
MECH514106,高等动力学,32.0,2.0,江俊
MECH514406,复合材料力学,16.0,1.0,宋亚勤
MECH514806,疲劳与断裂,32.0,2.0,"卢同庆,王铁军"
MECH514906,界面流体力学（英）,20.0,1.0,张旭瑞
MECH515506,水动力学,32.0,2.0,赵松川
MECH515606,旋涡运动基础,32.0,2.0,菅振
MECH515906,粘性流体力学,32.0,2.0,张杰
MECH516006,船舶与平台结构基础,16.0,1.0,秦庆华
MECH900306,力学导论,8.0,0.5,"申胜平,谢勇,许丁,郁汶山"
MECH900806,专业认知II,16.0,0.5,宋建伟
SCTR400206,科研训练-2,80.0,0.5,郁汶山
ACAU300108,金融学,48.0,2.5,乔政
ACAU410108,F1 会计师与企业（ACCA）,48.0,3.0,"赵红,董南雁"
ACAU410208,F2 管理会计（ACCA）,48.0,3.0,欧佩玉
ACAU410308,F3 财务会计（ACCA）,48.0,3.0,骆蕾
ACAU410408,F4 公司法与商法（ACCA）,48.0,3.0,FONSEKA MEIMANAGE MOHANPRADEEP
ACAU410808,F8 审计与认证业务,64.0,4.0,李星
ACAU410908,F9 财务管理,64.0,4.0,田高良
ACAU420208,中级财务会计 II,64.0,4.0,"李明轩,尹兴强"
ACAU420608,税法,32.0,2.0,曹建安
ACAU511308,P4 高级财务管理,48.0,3.0,骆蕾
ACAU511408,P5 高级业绩管理,48.0,3.0,董南雁
ACAU520208,会计信息化,16.0,1.0,董南雁
ECND310308,宏观经济学Ⅰ,48.0,3.0,杨晶玉
GNED100508,《黄帝内经》中的管理哲学,16.0,1.0,魏泽龙
GNED100608,工程经济学,32.0,2.0,刘新梅
GNED100708,中华德学原理源流与经典学习导引,16.0,1.0,程少川
GNED100908,创业学：从0到1,32.0,2.0,"李丝雨,姜飞飞"
JZSJ900808,创新创业实践,32.0,1.0,高杰
JZSJ901608,商务智能分析与实践,32.0,2.0,王尧
MAGT072408,管理学新生导论课,16.0,1.0,"廖貅武,吴锋,舒成利,魏泽龙,张喆,林军,高杰"
MAGT172308,系统工程,32.0,2.0,杨臻
MAGT310508,管理信息系统,32.0,2.0,刘洋
MAGT310808,组织行为学Ⅰ,32.0,2.0,包艳
MAGT372808,数据结构与算法导论,32.0,2.0,原盛
MAGT420508,公司理财,32.0,2.0,王鲁平
MAGT420808,企业战略管理,32.0,2.0,苏中锋
MAGT421108,薪酬与绩效管理,32.0,2.0,周密
MAGT472408,工业工程基础,32.0,2.0,张盛浩
MAGT472508,项目管理1,32.0,2.0,"何正文,肖忠东"
MAGT472708,设施规划与物流分析,32.0,2.0,贾涛
MAGT474008,人因工程,32.0,2.0,刘树林
MAGT476008,现代产品开发与设计,32.0,2.0,李刚
MAGT476608,现代物流与供应链管理,32.0,2.0,孙新宇
MAGT476708,管理沟通,32.0,2.0,钟萌
MAGT477008,生产计划与控制,32.0,2.0,刘雅
MAGT479108,创新管理,32.0,2.0,魏泽龙
MAGT480508,智能决策与机器学习II,32.0,2.0,林绍波
MAGT480808,社交网络与文本分析,32.0,2.0,刘跃文
MAGT480908,大数据管理方法与应用,32.0,2.0,刘佳鹏
MAGT481208,大数据统计与计量分析II,32.0,2.0,"李金,刘笑笑"
MAGT481308,最优化理论与算法I,32.0,2.0,叶海山
MAGT572208,管理学基础,32.0,2.0,张喆
MAGT572408,商务大数据分析,32.0,2.0,胡婷
MAGT572708,工业品营销与营销渠道管理,32.0,2.0,庄贵军
MAGT573908,消费者行为学,32.0,2.0,"刘野逸,王清亮"
MAGT900108,大数据管理与应用实践,16.0,1.0,王迪
STAT310608,应用统计分析,32.0,2.0,林军
STAT310708,应用统计实践,32.0,1.0,"周晓阳,郑嘉俐"
ARTS107310,中外美术史,64.0,4.0,熊雯
ARTS107710,中外美术概论,32.0,2.0,熊雯
ARTS109410,音乐,32.0,2.0,"曹耿献,文茹,刘俊峰"
ARTS110510,艺术欣赏与创作音乐,32.0,1.0,"曹耿献,方小笛,文茹"
ARTS312910,中国古代文字学通论,32.0,2.0,刘琰
ARTS314110,立体构成,32.0,2.0,石淑捷
ARTS314510,设计概论,48.0,3.0,"牛琛富茜,刘清清,欧阳振宇"
ARTS408510,楷书理论与实践2,48.0,3.0,孙立滨
ARTS408610,隶书理论与实践2,48.0,3.0,孙立滨
ARTS408810,行书理论与实践1,32.0,2.0,王劲
ARTS410510,字体设计,64.0,4.0,牛琛富茜
ARTS412010,景观植物学,32.0,2.0,杨眉
ARTS412110,行书理论与实践III,48.0,3.0,程健
ARTS412410,草书理论与实践II,48.0,3.0,王劲
ARTS413310,篆书理论与实践I,32.0,2.0,杨锁强
ARTS415010,篆书理论与实践III,48.0,3.0,杨锁强
ARTS415610,中外建筑史,64.0,4.0,刘清清
ARTS415710,雕塑发展简史,32.0,2.0,苗祥瑞
ARTS416410,雕塑专业基础Ⅰ,64.0,4.0,"张菊芳,欧阳振宇"
ARTS416810,专业素描,64.0,4.0,苗祥瑞
ARTS417210,建筑制图基础,48.0,3.0,刘清清
ARTS417410,公共空间设计,64.0,4.0,吴雪
ARTS417510,标志与视觉识别系统设计,64.0,4.0,董琪
ARTS417710,空间形式秩序,64.0,4.0,刘令贵
ARTS417910,插画艺术创作,64.0,4.0,石淑捷
ARTS418010,信息编排设计,64.0,4.0,鲁鹏
ARTS418210,雕塑创作 II,64.0,4.0,苗祥瑞
ARTS418310,生态景观设计,48.0,3.0,"杨眉,刘清清"
ARTS512210,中国书法遗迹考察,32.0,2.0,杨晓萍
ARTS514310,浮雕创作,64.0,4.0,欧阳振宇
ARTS516010,古代碑帖选读,32.0,2.0,李颖
ARTS516910,篆刻学II,32.0,2.0,孙立滨
ARTS517210,东亚书法史,32.0,2.0,李颖
ARTS517410,书法美学,32.0,2.0,杨晓萍
ARTS517510,碑帖鉴定,32.0,2.0,刘琰
ARTS520110,教育心理学,32.0,2.0,王瑜萍
ARTS520410,品牌策划与品牌设计,64.0,4.0,鲁鹏
ARTS522510,陶艺基础,48.0,3.0,张菊芳
ARTS522810,人物塑造,64.0,4.0,陈强
ARTS522910,空间设计表达,64.0,4.0,吴雪
ARTS523010,数字化设计与建造,32.0,2.0,"刘令贵,陈强"
ARTS523110,多媒体广告设计,64.0,4.0,薛白
ARTS523210,产品包装设计,48.0,3.0,牛琛富茜
ARTS523310,数字三维造型与表现,32.0,2.0,陈强
CORE100314,中国哲学经典著作导读,32.0,2.0,"燕连福,龚建平,邓妙子,妥建清,雒自新,韩鹏杰"
CORE100510,音乐鉴赏,32.0,2.0,"梁睿,文茹,李娟,曹耿献,金晨,刘俊峰,方小笛"
CORE100610,中国传统文化,32.0,2.0,"陆卫明,鲁鹏,邓妙子,宋希斌,王劲,韩鹏杰,李红,李娟"
CORE100710,艺术美学,32.0,2.0,黎荔
CORE100810,心理学基础,32.0,2.0,李占星
CORE100910,交响音乐赏析,32.0,2.0,"李娟,文茹,方小笛,刘俊峰,曹耿献"
CORE101110,创意写作,32.0,2.0,"张功长,李明,姚明今,孙启洲,王瑶"
CORE101210,美术与世界,32.0,2.0,"鲁鹏,苗祥瑞,牛琛富茜,熊雯,马田宽,张菊芳,周利明"
CORE101310,生活中的社会学,32.0,2.0,"彭瑾,杨建科,孙晓冬,童梅"
CORE101400,社会心理学,32.0,2.0,"王渭玲,王瑜萍,钱玉燕,倪晓莉,童梅"
CORE110910,艺术设计与审美体验,32.0,2.0,"牛琛富茜,吴雪,赵兴杨,董琪,鲁鹏"
CORE111110,音乐、哲学与科学思维,32.0,2.0,"方小笛,刘俊峰,吴伟烽,陈阳静,曹耿献"
CORE111210,公益与慈善,32.0,2.0,"孙晓冬,李娜,彭瑾"
CORE111310,中国文化与文学精粹,32.0,2.0,"刘祥,李明,张功长,李红,孙启洲,黎荔,刘彦彦"
CORE111410,性别、 科学与美,32.0,2.0,"周屈兰,祁磊,王奕轩"
CORE111510,中国文化与中华民族共同体,32.0,2.0,"常新,曹耿献,熊雯,李晓光,刘琰,张顺"
CORE400110,诺贝尔文学奖获奖作品选读,32.0,2.0,"翟杨莉,李红,张勇"
ECND402610,经济社会学,48.0,3.0,"赵文龙,郝明松"
GNED101710,信息哲学概论,32.0,2.0,邬天启
GNED101810,旧制度与大革命,16.0,1.0,杨建科
GNED106610,声乐表演艺术,32.0,2.0,李娟
GNED106910,乐理与视唱,32.0,2.0,刘俊峰
GNED107010,视觉素养导论,32.0,2.0,黎荔
GNED107110,影视鉴赏,32.0,2.0,"王瑶,丁丁,曾祥金,姚明今"
GNED107310,钢琴演奏表演艺术中级,64.0,4.0,方小笛
GNED107510,钢琴演奏表演艺术初级,64.0,4.0,"曹耿献,李娟"
GNED107710,艺术导论,32.0,2.0,黎荔
GNED107910,欧洲浪漫音乐派欣赏,32.0,2.0,方小笛
GNED108010,书法鉴赏,32.0,2.0,程健
GNED108410,＂中国风＂与中国古典音乐,32.0,2.0,"方小笛,文茹,曹耿献,李娟"
GNED108710,中华文化经典选粹,16.0,1.0,"刘彦彦,韩鹏杰"
GNED109110,汉语与社会生活,32.0,2.0,马梅玉
GNED109210,音乐律动与身体表达,32.0,2.0,梁睿
GNED110810,世界陶瓷文化,32.0,2.0,"欧阳振宇,薛白,张菊芳"
GNED111310,《信任社会——论发展之缘起》导读,16.0,1.0,赵文龙
GNED111610,书法艺术与篆刻基础,32.0,2.0,孙立滨
GNED111810,音乐剧实践体验,32.0,2.0,金晨
GNED111910,文学与中国古代日常生活,32.0,2.0,"刘祥,李明,吴小侠,许浩然,罗军凤"
GNED112110,中国音乐史与音乐考古,32.0,2.0,"张菊芳,熊雯,杨晓萍,芦芸,刘明"
GNED112210,地理信息与人类社会,32.0,2.0,贺力
GNED112610,秦腔艺术与文化传承,32.0,2.0,"刘明,吴小侠"
GNED112710,形式逻辑导论,32.0,2.0,张志伟
GNED113410,现实的社会建构--知识社会学论纲,16.0,1.0,侯利明
GNED113610,音乐创编与审美,32.0,2.0,"李娟,曹耿献,刘明,刘俊峰"
GNED113810,古琴演奏实践,32.0,2.0,梁睿
GNED115300,考古中国,32.0,2.0,张顺
GNED115400,灿烂的唐代文化,32.0,2.0,杨建科
JZSJ500110,社会调查实践,48.0,3.0,贺力
JZSJ900210,创新实践,96.0,3.0,帅满
LITE102710,语文2,64.0,4.0,"孙飞鹏,孙启洲"
LITE103210,大学语文2（民族预科）,64.0,4.0,"孙飞鹏,翟杨莉"
LITE200110,应用写作,32.0,2.0,"翟杨莉,刘祥,王瑶"
LITE232410,学年论文1,16.0,1.0,孙启洲
LITE232510,学年论文2,16.0,1.0,丁丁
LITE300310,诗词鉴赏与创作,32.0,2.0,李明
LITE300610,中国语言文学专业导论,16.0,1.0,"王学强,许浩然,张勇,王瑶,孙飞鹏,马梅玉"
LITE431010,中国古代文学史II,48.0,3.0,许浩然
LITE431210,中国现代文学史,48.0,3.0,张勇
LITE431610,文艺美学,32.0,2.0,王学强
LITE431710,中国古代文论,48.0,3.0,翟杨莉
LITE432610,语言学概论,32.0,2.0,马梅玉
LITE434710,外国文学史,64.0,4.0,"吴小侠,李红"
LITE435310,比较文学导论,32.0,2.0,王瑶
LITE530710,中国当代文艺思潮,32.0,2.0,翟杨莉
LITE532310,学年论文,16.0,1.0,王振嵩
LITE533110,《诗经》与礼乐文化,32.0,2.0,罗军凤
LITE533610,对外汉语教学,32.0,2.0,"冯潇,李馨郁,路荣,赵炜,王美玲"
LITE533710,影视鉴赏与制作,32.0,2.0,姚明今
LITE533910,辞赋与汉唐文化,32.0,2.0,刘祥
LITE534310,社会语言学,32.0,2.0,马梅玉
LITE534710,唐诗与长安,32.0,2.0,李明
LITE535110,戏曲鉴赏,32.0,2.0,吴小侠
PHLS200210,clwu测试课程（请勿使用）,32.0,0.0,教务系统管理员
PHLS301310,逻辑与批判性思维,32.0,2.0,"王伟,贺艳,丁晓军"
PHLS301410,人工智能的哲学基础与伦理,16.0,1.0,"张志伟,丁晓军"
PHLS301510,哲学导论,16.0,1.0,王嘉新
PHLS401410,美学,48.0,3.0,妥建清
PHLS402910,伦理学,48.0,3.0,王珏
PHLS403210,马克思主义哲学原著选读,48.0,3.0,马文保
PHLS403310,西方哲学原著选读,48.0,3.0,张志伟
PHLS403410,中国哲学原著选读,48.0,3.0,"常新,邓妙子,钟治国"
PHLS403510,宗教哲学,48.0,3.0,邓妙子
PHLS403910,西方哲学史 II,48.0,3.0,"王嘉新,张志伟,邬天启"
PHLS404010,马克思主义哲学史II,48.0,3.0,王健
PHLS404110,西方哲学史I,64.0,4.0,"曹聪,邱根江"
PHLS404210,中国哲学史I,48.0,3.0,钟治国
PHLS503510,科学技术史,32.0,2.0,陈夕朦
PHLS503910,认知科学的哲学基础,32.0,2.0,王小红
PHLS504110,形而上学导论,32.0,2.0,张志伟
PHLS504210,复杂信息系统理论基础,32.0,2.0,邬天启
PHLS504410,智能科学的哲学基础,32.0,2.0,丁晓军
PHLS504510,哲学外语,32.0,2.0,丁晓军
PHLS505310,中国现当代哲学前沿,32.0,2.0,龚建平
PHLS505610,价值哲学导论,32.0,2.0,王振嵩
PHLS506010,政治哲学导论,32.0,2.0,邱根江
PSYL300144,医学心理学,32.0,2.0,王渭玲
SOCL301310,社会研究方法,32.0,2.0,"郭小弦,李晓光,帅满"
SOCL402110,中国社会学史,32.0,2.0,姜利标
SOCL402310,社会分层与流动,48.0,3.0,"张顺,郭小弦,侯利明"
SOCL402510,组织社会学,48.0,3.0,李晓光
SOCL402910,社会统计学,48.0,3.0,朱晓文
SOCL403310,社会工作原理,32.0,2.0,闫臻
SOCL404210,社会服务项目开发与评估,48.0,3.0,彭瑾
SOCL503610,社会网络分析,48.0,3.0,"杨张博,悦中山"
SOCL503710,家庭与性别社会学 Sociology of Family and Gender,48.0,3.0,王奕轩
SOCL504210,社会政策学,32.0,2.0,郭小弦
SOCL504810,西方社会学理论前沿,32.0,2.0,姜利标
CORE100600,新媒体与社会治理,32.0,2.0,"张立,蒙胜军,李明德"
CUIC000120,网络与新媒体专业导论,16.0,1.0,"李明德,张宏邦,刘婵君"
CUIC400120,媒介伦理与法治,48.0,3.0,申楠
CUIC400320,网络舆情监测与研判,48.0,3.0,陈强
CUIC400920,融合新闻学,48.0,3.0,陈积银
CUIC401020,网络与新媒体概论,32.0,2.0,沈霄
CUIC401120,新媒体广告设计,48.0,3.0,刘婵君
CUIC401220,媒介运营与管理,48.0,3.0,张宏邦
CUIC401320,网络舆论学,32.0,2.0,李巨星
CUIC401610,传播学研究方法,48.0,3.0,张立
CUIC500320,传播心理学,32.0,2.0,赫中华
CUIC500920,国际传播,48.0,3.0,申楠
CUIC501420,批判传播学,32.0,2.0,赵一菲
CUIC503410,网页设计与制作,32.0,2.0,杨帆
GNED100120,理解我们生活的世界：批判视野下的媒介与社会,16.0,1.0,徐婧
GNED100220,网络媒介素养,32.0,2.0,"廖政贸,王威力,刘婵君"
GNED100320,大数据时代的新媒体传播,32.0,2.0,"刘蒙阕,缑赫,马晓悦"
GNED100420,危机传播学：从理论到实战,32.0,2.0,"李巨星,张窈,廖政贸,王威力,李明德"
GNED100520,智能传播与社会变革,32.0,2.0,刘彦
JZSJ900220,学年论文,0.0,2.0,杨帆
0H00200100,24式太极拳,16.0,0.0,王云冰
GNED102850,射艺,32.0,2.0,宋绍鹏
GNED102950,健康管理与健身方法,32.0,2.0,裴永杰
GNED103050,户外运动技能拓展训练,32.0,2.0,张丽萍
GNED103150,中华武术文化传承与实践,32.0,2.0,张斌南
PHED102650,体育２（民族预科）,32.0,0.5,高丹娜
PHED109150,体育-2,32.0,0.5,任文君
PHED109350,体育-4,32.0,0.5,任文君
PHED200250,预科体育2,32.0,0.5,李云镔
PHED200950,运动训练-4,64.0,4.0,位桂香
PHED201050,运动训练-2,64.0,4.0,位桂香
PHED900150,长跑,16.0,0.0,盖文亮
PHED900250,200米游泳,16.0,0.0,刘迅雷
CORE100212,中西文化比较,32.0,2.0,"田美,彭凤玲,杨瑞英,葛冬梅"
CORE100312,欧洲文明的现代历程,32.0,2.0,"张雨金,邱鹄,张莉,田鹏"
CORE100412,逻辑思维与交流,32.0,2.0,"吉乐,成旻,邵娟,龚颖,牛莉"
ENGL101912,出国访学准备（钱学森学院）,32.0,2.0,龚颖
ENGL110612,医学英语词汇（留）,48.0,3.0,范晓晖
ENGL110812,二外/英语-1,32.0,2.0,周庆华
ENGL110912,二外/英语-3,32.0,2.0,石艳蕊
ENGL200312,阅读与写作（少年班）2,32.0,2.0,牛莉
ENGL200612,交流与表达（少年班）2,32.0,2.0,牛莉
ENGL201012,大学英语2（民族预科）,64.0,4.0,曹浩煊
ENGL201612,人文英语阅读,32.0,2.0,马琼
ENGL202212,新闻英语阅读,32.0,2.0,陈丽
ENGL202612,医学英语-2,32.0,2.0,晏国莉
ENGL203112,英语学术论文写作,32.0,2.0,邵娟
ENGL203212,中级英语写作,32.0,2.0,庞云青
ENGL203312,中国文化翻译,32.0,2.0,靳蓉
ENGL203412,阅读与思辨,32.0,2.0,王朝霖
ENGL203512,英语写作基础,32.0,2.0,杨亭
ENGL203612,雅思写作,32.0,2.0,赵亚军
ENGL203712,沟通与文化交流,32.0,2.0,许明
ENGL203812,雅思口语,32.0,2.0,钱希
ENGL203912,TED英语视听说I,32.0,2.0,许颖
ENGL204012,TED 英语视听说II,32.0,2.0,郑青
ENGL204112,医学英语视听说,32.0,2.0,张鹏
ENGL204412,新一代大学英语,32.0,2.0,"许梅,李瑛,卫朝霞,陈向京"
ENGL205012,国际学术交流英语,32.0,2.0,邵娟
ENGL205212,国际人才英语,32.0,2.0,李瑞
ENGL205312,医学英语写作,32.0,2.0,李小棉
ENGL206412,学术英语读写,64.0,4.0,朱元
ENGL206512,学术英语听说,32.0,2.0,吉乐
ENGL410712,英语语法,32.0,2.0,"陈向京,张蕾"
ENGL440212,口译理论与实践,48.0,3.0,李雅丽
ENGL440312,学术英语交流,32.0,2.0,CHALLENOR ROBIN MARTIN
ENGL440512,英国文学赏读,48.0,3.0,LEWIS EDWARD
ENGL440912,英语口语交流,32.0,2.0,CHALLENOR ROBIN MARTIN
ENGL441012,基础英语写作,32.0,2.0,BRIFFETT AKTAS CARLA MARIE
ENGL441112,英国文化,32.0,2.0,LEWIS EDWARD
ENGL441812,英语国家社会与文化（日英方向）,32.0,2.0,CHALLENOR ROBIN MARTIN
ENGL441912,美国文学史及选读（日英方向）,32.0,2.0,NOLAN  TOM
ENGL442212,英语写作（日英方向）,32.0,2.0,彭凤玲
ENGL442312,综合英语（日英方向）I-2,64.0,4.0,"李莹,曹浩煊,张蕾"
ENGL442612,英语视听说（日英方向）-2,32.0,2.0,董艳云
ENGL442712,美国文学史及选读-2,32.0,2.0,"NOLAN  TOM,杜丽霞"
ENGL442912,英语国家社会与文化-1,24.0,1.5,NOLAN  TOM
ENGL443212,口译实务-2,24.0,1.5,"李雅丽,常虹"
ENGL443412,英语演讲,32.0,2.0,刘睿
ENGL443712,英语写作-2,24.0,1.5,彭凤玲
ENGL443912,英语视听说-2,64.0,4.0,"张莉,CHALLENOR ROBIN MARTIN,BRIFFETT AKTAS CARLA MARIE"
ENGL444012,高级英语-2,48.0,3.0,李莹
ENGL444212,笔译-2,24.0,1.5,张敏
ENGL444312,高级英语写作-2,24.0,1.5,范晓晖
ENGL444812,英国文学史及选读-2,32.0,2.0,"刘丹翎,LEWIS EDWARD"
ENGL445012,综合英语-2,48.0,3.0,石艳蕊
ENGL510412,诗歌赏析与翻译,16.0,1.0,曹浩煊
ENGL520112,英汉语言对比研究,16.0,1.0,李莹
ENGL530512,英语词汇学,32.0,2.0,袁芳
ENGL531612,英美戏剧,32.0,2.0,LEWIS EDWARD
ENGL531712,文化批评：理论与实践,16.0,1.0,史鹏路
ENGL531812,商务英语,32.0,2.0,周庆华
ENGL532212,高级英语视听说-2,48.0,3.0,"吴洁莹,BRIFFETT AKTAS CARLA MARIE"
ENGL532512,应用语言学概论,16.0,1.0,"张蕾,张晓鹏"
ENGL532812,国际交流演讲与辩论,32.0,2.0,楚建伟
ENGL532912,托福强化,32.0,2.0,庞加光
ENGL533012,英语学术写作与展示,32.0,2.0,吴萍
ENGL533112,希伯来文学经典与西方文化,32.0,2.0,杜丽霞
ESPA100312,二外/西班牙语-2,64.0,4.0,田沛
FRAN110412,二外/法语-2,64.0,4.0,"王奕,樊静薇"
FRAN440612,中级法语-2,64.0,4.0,郭琳
FRAN441212,法语泛读,16.0,1.0,BAROT OLIVIER CYRIL
FRAN441312,法语视听说II-2,16.0,1.0,曾珠
FRAN441412,法语视听说III-2,16.0,1.0,曾珠
FRAN441612,法语语法,16.0,1.0,郭琳
FRAN441812,法语视听说I-2,16.0,1.0,曾珠
FRAN442012,综合法语II-2,128.0,8.0,"李文君,樊静薇"
FRAN442212,法语听力,32.0,2.0,孟丽娜
FRAN442412,综合法语III-2,96.0,6.0,寇媛媛
FRAN442512,法语会话,16.0,1.0,BAROT OLIVIER CYRIL
FRAN443012,综合法语I-2,128.0,8.0,"王奕,孟丽娜"
FRAN541112,法语报刊选读,16.0,1.0,樊静薇
FRAN541612,基础法语视听说-3,32.0,2.0,曾珠
FRAN541712,中法跨文化交际,16.0,1.0,王奕
FRAN541912,旅游法语,16.0,1.0,李文君
FRAN542112,法语国家及地区文化,16.0,1.0,BAROT OLIVIER CYRIL
FRAN542512,现当代法语文学导读,16.0,1.0,BAROT OLIVIER CYRIL
GERM110912,二外/德语-2,64.0,4.0,邹莹
GERM430212,德译汉,32.0,2.0,何小超
GERM440612,德语基础口语,32.0,2.0,DEGEN SEBASTIAN
GERM440912,基础德语,96.0,6.0,何小超
GERM441612,高级德语-2,64.0,4.0,"邹莹,钟游"
GERM530212,德语报刊阅读,32.0,2.0,钟游
GERM540412,基础德语视听说-5,16.0,1.0,何小超
GNED104912,中华诗词创作入门,32.0,2.0,"李明,金中"
GNED105412,“丝绸之路”文学史话,32.0,2.0,"任婉尘,范文娟"
GNED105512,英语演讲艺术,32.0,2.0,"刘睿,吉乐"
GNED107512,出国访学准备：跨文化学术交流基础,32.0,2.0,高洋
GNED107612,英语经典阅读：《西行漫记》与《老人与海》,16.0,1.0,"曹浩煊,杜丽霞"
GNED107712,莎士比亚戏剧名段赏读,16.0,1.0,"刘丹翎,靳蓉,朱嘉春"
GNED107812,中亚文明史,32.0,2.0,李万春
GNED107912,古代阿拉伯文明史,32.0,2.0,"李万春,任婉尘"
GNED108012,日本社会与文化,32.0,2.0,孙莉
GNED108112,西班牙语语言与文化,64.0,4.0,田沛
GNED108212,中阿语言文化交际与实践,64.0,4.0,任婉尘
GNED108312,德语区语言与文化,64.0,4.0,何小超
GNED108412,俄罗斯语言与文化,64.0,4.0,刘彦晶
GNED108612,世界文明与跨文化沟通,32.0,2.0,"方菁,卢燕华,李蓓岚,郭继荣"
GNED108712,心理、行为与文化,32.0,2.0,"姚昭,赵荣"
GNED108812,批判性阅读与写作,32.0,2.0,"朱元,吉乐"
GNED109012,英语词源与文化,16.0,1.0,"杨蕾,马丽娜,史文霞"
JAPN110812,二外/日语-2,64.0,4.0,"曹红荃,任宏昊"
JAPN111012,日语基础,32.0,2.0,"任宏昊,曹红荃"
JAPN420412,日语写作,32.0,2.0,NISHIKAWA YURI
JAPN430512,篇章分析与高级阅读,32.0,2.0,"张文丽,曹红荃,张伟莉"
JAPN430612,日语口译,32.0,2.0,李国栋
JAPN440212,日语学术论文特征与写作,32.0,2.0,"霍士富,曹红荃"
JAPN440412,基础日语,90.0,6.0,"沈丽芳,时渝轩"
JAPN440512,日语写作,32.0,2.0,任宏昊
JAPN440612,综合日语听说,32.0,2.0,时渝轩
JAPN440812,综合日语,60.0,4.0,孙莉
JAPN440912,日语会话,32.0,2.0,任宏昊
JAPN441112,日语语言学概论,32.0,2.0,张伟莉
JAPN441312,日语听说I-2,32.0,2.0,沈丽芳
JAPN441412,综合日语I-2,144.0,9.0,"王晶,任宏昊"
JAPN441612,日语听说II-2,32.0,2.0,孙莉
JAPN442012,综合日语II-2,128.0,8.0,"张伟莉,NISHIKAWA YURI"
JAPN442112,日语听说Ⅲ-2,32.0,2.0,任宏昊
JAPN442212,综合日语Ⅲ-2,64.0,4.0,KUGAWA MICHITAKE
JAPN520112,日本概况,32.0,2.0,"王晶,沈丽芳"
JAPN520212,中级日语综合训练,16.0,1.0,"张伟莉,孙莉"
JAPN530312,日语文言语法,32.0,2.0,金中
JAPN541212,日语口语II-2,32.0,2.0,KUGAWA MICHITAKE
JAPN541312,日语口语I-2,32.0,2.0,NISHIKAWA YURI
JZSJ900612,英语听说实践,16.0,0.5,张莉
JZSJ900812,日语口译实践,16.0,0.5,李国栋
JZSJ900912,日语听说实践,32.0,1.0,王晶
JZSJ901012,日语写作实践,16.0,0.5,张文丽
PRAC410312,“模拟联合国大会”训练,16.0,0.5,李莹
PRAC410512,英语翻译实践,16.0,0.5,张敏
PRAC430212,法语阅读实践,32.0,1.0,BAROT OLIVIER CYRIL
RUSS441012,初级俄语-2,64.0,4.0,刘彦晶
RUSS540812,基础俄语视听说-1,32.0,2.0,YANGUTOVA RITA
XJLU200112,English Language and Study Skills for Business-2,150.0,5.0,陈琦
XJLU200412,English Language and Study Skills for Mathematics-2,150.0,5.0,石艳蕊
BASM310613,医学基础,64.0,4.0,"李延海,吴静"
BICH300613,生物化学实验,32.0,1.0,李华
BIME000213,生物医学工程导论,16.0,1.0,周秦武
BIME410513,医学信息工程,32.0,2.0,"闫相国,王刚"
BIME411613,生物医学传感与仪器,48.0,3.0,"闫相国,李津"
BIME411813,生物医学传感与仪器专题实验,32.0,1.0,"李津,张博"
BIME412413,医学智能诊断,44.0,2.0,许夏瑜
BIME412713,生物医学工程综合设计实验Ⅰ,32.0,1.0,周秦武
BIME412813,医学基础专题实验,32.0,1.0,刘雪良
BIME413013,生物医学工程概论,32.0,2.0,张建保
BIME413113,生物医学工程综合设计实验,64.0,2.0,周秦武
BIME510213,康复工程,32.0,2.0,"李津,刘天"
BIME510713,医用光学仪器,32.0,2.0,王斯佳
BIME511113,功能生物材料,32.0,2.0,"林敏,靳国瑞,马玉菲"
BIME511313,微流体检测技术,32.0,2.0,"杨清振,冯上升,曹雷,董宇卿"
BIME512013,单片机与嵌入式系统,64.0,3.0,"周秦武,杨玥"
BIME512113,医疗器械研发管理与产品认证,36.0,2.0,李剑君
BIME512313,生物仪器分析,44.0,2.0,"武亚艳,赵永席,魏晶"
BIME512413,数据结构与算法,40.0,2.0,"许夏瑜,杨清振"
BIME512813,生物信息学,40.0,2.0,"张虎勤,吴晓明"
BIME513013,物理治疗原理与设备,32.0,2.0,"张思远,方云生"
BIME513213,生物传热与传质,32.0,2.0,"徐峰,冯上升,杨清振,何晓聪,黄海水"
BIOL000113,生命科学导论,16.0,1.0,丁岩
BIOL200413,生物2,40.0,2.0,丁岩
BIOL200913,生命科学基础I,56.0,3.0,"孔宇,丁岩,高美丽,孙书洪"
BIOL201013,生命科学基础II,56.0,3.0,"刘雪良,刘颖"
BIOL201213,生物技术原理-2,40.0,2.0,"王昌河,杨铁林,龙建纲,卢晓云,成瀛,丁健,高美丽,郭莉,鲁卓阳,陈皓,宋茜"
BIOL310513,遗传学实验,32.0,1.0,"杨铁林,朱东丽,陈皓"
BIOL310713,细胞生物学 Cell Biology,48.0,3.0,丁岩
BIOL310913,遗传学Genetics,56.0,3.5,"闫菡,郭燕,杨铁林"
BIOL320413,分子与细胞生物学实验,32.0,1.0,孙书洪
BIOL320513,分子与细胞生物学,80.0,5.0,"卢晓云,丁岩"
BIOL320613,生物学基础Fundamental Biology,48.0,3.0,闫菡
BIOL320813,普通生物学,32.0,2.0,闫菡
BIOL321013,遗传学,48.0,3.0,"杨铁林,郭燕"
BIOL321113,生物化学-2,32.0,2.0,"龙建纲,孔宇"
BIOL420713,化学生物学,48.0,3.0,李菲
BIOL421413,分离综合开放实验,48.0,1.5,"张雅利,孔宇"
BIOL421613,生物化学-2,48.0,3.0,"李剑君,龙建纲"
BIOL421713,生物信息学,64.0,3.0,"杨铁林,董珊珊"
BIOL422013,发酵综合开放实验,48.0,1.5,高美丽
BIOL422113,微生物学,56.0,3.0,"张雅利,许丹,柳絮云,时乐"
BIOL422313,现代仪器分析,56.0,3.0,"武亚艳,赵永席"
BIOL422613,生物创新综合实验-1,64.0,2.0,孔宇
BIOL511313,神经生物学与脑科学,32.0,2.0,李延海
BIOL521113,合成生物学,32.0,2.0,谭丹
BIOL521413,生物制药技术,32.0,2.0,"孔令洪,高美丽"
BIOL521513,发酵技术与应用,32.0,2.0,高美丽
BIOL521613,基因组学,32.0,2.0,"郭燕,杨铁林"
BIOL521713,基因编辑与基因治疗,32.0,2.0,"丁健,王昌河"
BIOL521813,生物组学与精准医学,32.0,2.0,"王昌河,孔光耀"
BIOL521913,衰老生物学,32.0,2.0,"刘健康,赵琳,曹可"
BIOL522113,干细胞与再生医学,32.0,2.0,"耿晶,王昌河"
CHEM210713,生化仪器分析,32.0,2.0,"武亚艳,孔宇,赵永席"
CORE100113,生命起源与生物进化,32.0,2.0,"刘晓刚,吴道澄"
CORE100213,华夏文明探源工程概述,32.0,2.0,张虎勤
CORE100313,纳米科技前沿,32.0,2.0,"姚翠萍,尤红军,贺永宁,方吉祥"
CORE101200,营养与健康,32.0,2.0,"丁岩,龙建纲,成瀛,赵琳,张雅利"
GNED106313,探索生命奥秘—生命科学史,32.0,2.0,高琨
JZSJ900113,综合实践训练-2,16.0,0.5,"刘华东,卢晓云,丁健,成瀛,谭丹,彭韵桦,曹可,陈锋,刘晓刚"
JZSJ900213,综合实践训练-1,16.0,0.5,许丹
JZSJ900313,创新研究与训练-1,32.0,1.0,许丹
PHMA300148,生物技术与制药,40.0,2.5,"陈皓,孔令洪"
ACAU323019,会计学,48.0,3.0,毛秋蓉
CORE100319,生活中的经济学,32.0,2.0,乔志林
CORE100419,破解中国经济发展之谜,32.0,2.0,李春米
ECMT480619,电子商务物流管理,32.0,2.0,魏修建
ECMT481219,电子商务原理,36.0,2.0,徐晓瑜
ECMT481319,网络经济学,34.0,2.0,王晔
ECMT581219,客户关系管理,32.0,2.0,薛伟宏
ECMT582319,电子政务,36.0,2.0,王立华
ECMT582419,人工智能概论,40.0,2.0,周博
ECMT583119,金融电子商务,40.0,2.0,张桂清
ECND000419,经济学专业导论,16.0,1.0,"乔志林,马草原,徐凤敏,李春米,张慧芳,杨秀云,宋丽颖,王增涛"
ECND312619,宏观经济学Ⅱ,32.0,2.0,冯亚萍
ECND312819,宏观经济学,64.0,4.0,张蕾
ECND313019,宏观经济学,64.0,4.0,刘航
ECND410419,中级宏观经济学,48.0,3.0,"魏玮,赵方"
ECND410819,博弈论,48.0,3.0,张帆
ECND411019,人力资源管理,32.0,2.0,赵志平
ECND411319,微观经济学,48.0,3.0,李华清
ECND411419,公司理财,48.0,3.0,李春米
ECND411619,市场营销,32.0,2.0,张慧芳
ECND411819,博弈论,48.0,3.0,闫大卫
FINA340319,金融学,48.0,2.5,"袁静文,李成"
FINA420619,国际金融学,40.0,2.5,何建奎
FINA420719,中央银行学,32.0,2.0,陶玲琴
FINA420819,公司金融,32.0,2.0,李倩
FINA430219,连续时间金融,32.0,2.0,徐凤敏
FINA430419,固定收益证券,32.0,2.0,王雪萍
FINA430619,算法与数据结构,32.0,2.0,李巍军
FINA440319,政府预算管理,24.0,1.5,王俊霞
FINA440619,公债学,32.0,2.0,"邓晓兰,鄢哲明"
FINA440919,中央银行学,32.0,2.0,陶玲琴
FINA441019,金融学,48.0,3.0,张昭
FINA441119,经济学,48.0,3.0,贾小玫
FINA441219,证券投资学,32.0,2.0,邢光远
FINA441519,公司金融,32.0,2.0,毛秋蓉
FINA441619,金融市场学,48.0,3.0,毛秋蓉
FINA442019,税务筹划,36.0,2.0,"张雅丽,薛晓琳"
FINA442219,建行企业文化与普惠金融,32.0,2.0,李淑彪
FINA442719,数字货币与金融风险管理,32.0,2.0,李锐
FINA442819,现代金融学,48.0,3.0,李利芳
FINA443219,数字经济概论,32.0,2.0,"杨秀云,林颖"
FINA443319,数字化营销,32.0,2.0,"高宇,杨秀云"
FINA443419,经济学原理,16.0,1.0,李华清
FINA521119,投资项目评估,32.0,2.0,毛英
FINA521219,金融工程,32.0,2.0,薛宏刚
FINA521519,银行会计,40.0,2.5,杨丽荣
FINA522219,人身保险,32.0,2.0,李锐
FINA531519,金融风险管理,32.0,2.0,马草原
FINA531619,互联网金融,32.0,2.0,"张成虎,王雪萍,李淑彪"
FINA532219,个人理财,32.0,2.0,史芳丽
FINA540919,政府采购管理,32.0,2.0,"宋丽颖,王俊霞,冯晨"
FINA541319,税收学,32.0,2.0,姚公安
FINA541819,外国税制,32.0,2.0,刘华
FINA542219,金融工程案例分析,32.0,2.0,徐凤敏
FINA542519,金融大数据应用,40.0,2.0,董志龙
FINA542619,投资基金管理,32.0,2.0,王国林
FINA542919,量化投资技术与方法,32.0,2.0,元向辉
GNED100319,宏观经济学,32.0,2.0,闫大卫
GNED101319,气候变化经济学,32.0,2.0,杨凌
INTE100119,经贸汉语,64.0,4.0,徐丽华
INTE352719,国际经济学导论,32.0,2.0,姚芳
INTE453119,国际市场营销学,40.0,2.5,赵锴
INTE453519,国际商务,40.0,2.5,李石
INTE453719,国际贸易实务,40.0,2.5,董兵昌
INTE453919,跨国公司经营管理,32.0,2.0,王增涛
INTE454219,国际市场营销学,40.0,2.0,"袁晓玲,赵锴"
INTE454319,国际商务,32.0,2.0,李石
INTE454419,国际贸易实务,36.0,2.0,董兵昌
INTE551919,世界经济地理,32.0,2.0,杨少华
INTE552719,国际市场调研与预测,32.0,2.0,倪撑社
INTE553219,商务英语,32.0,2.0,徐丽华
INTE553419,跨境电子商务,40.0,2.0,徐丽华
STAT370519,统计学,48.0,2.5,吴静娴
STAT470319,国民经济统计学,32.0,2.0,周亚莉
STAT471119,多元统计分析,44.0,2.5,严明义
TREC460519,现代物流管理,32.0,2.0,LI ZHENG
TREC460619,公共关系学,24.0,1.5,刘泓汛
TREC460719,连锁经营与管理,24.0,1.5,彭晖
TREC461019,战略管理,32.0,2.0,"王凌云,孙早"
TREC561119,商业伦理学,32.0,2.0,彭晖
TREC561619,商务谈判,32.0,2.0,杨少华
TREC562519,经济博弈论,32.0,2.0,"王锋,冯根福"
XJLU300319,金融学,150.0,5.0,李利芳
XJLU400119,商务与经济数学,150.0,5.0,马贵元
XJLU400219,宏观经济学,150.0,5.0,"罗添元,贾智杰"
GNED106824,科技创新与知识产权保护,32.0,2.0,"焦和平,孙那,李晓鸣,刘丽娜,楼晓,马治国"
JZSJ900124,科研训练-2,32.0,1.0,丁卫
LAWS300724,经济法学,32.0,2.0,吴平魁
LAWS302024,法治中国与善治,32.0,2.0,吴关龙
LAWS401624,劳动与社会保障法学,32.0,2.0,王玉苹
LAWS403124,法律诊所,0.0,2.0,寿媛君
LAWS403224,商法学,48.0,3.0,楼晓
LAWS403424,国际经济法学,48.0,3.0,林雪贞
LAWS403624,经济法,48.0,3.0,齐鹏
LAWS403724,民法学与民事诉讼法学,48.0,3.0,聂卫锋
LAWS403824,法理学,48.0,3.0,吴关龙
LAWS404224,国际私法学（英）,32.0,2.0,郭剑萍
LAWS404324,国际经济法学,32.0,2.0,陈虹睿
LAWS404424,中国法律史Ⅱ,32.0,2.0,吴关龙
LAWS404524,国际经济法学（英）,32.0,2.0,"王鹏,谷婀娜"
LAWS404624,中国法律史Ⅰ,32.0,2.0,杜军强
LAWS404724,国际私法学,32.0,2.0,李万强
LAWS404824,国际法学（英）,32.0,2.0,"单文华,谷婀娜"
LAWS405124,知识产权法Ⅰ,32.0,2.0,李晓鸣
LAWS405224,刑法分论Ⅰ,48.0,3.0,苏青
LAWS405524,法庭辩论与法律谈判,64.0,2.0,"寿媛君,李晓鸣"
LAWS405724,刑法分论Ⅱ,48.0,3.0,苏青
LAWS405824,知识产权法Ⅱ,32.0,2.0,周方
LAWS405924,民法分论,48.0,3.0,薛华
LAWS500524,立法学,32.0,2.0,张艾思
LAWS501024,物权法,32.0,2.0,王玉苹
LAWS501224,亲属与继承法,32.0,2.0,曹晓路
LAWS501324,公司法,32.0,2.0,张冰
LAWS501424,金融法,32.0,2.0,曹毅搏
LAWS503424,劳动与社会保障法学,32.0,2.0,王玉苹
LAWS505524,国际投资法,32.0,2.0,"张生,单文华"
LAWS505824,犯罪学,32.0,2.0,安婧
LAWS506124,侵权法,32.0,2.0,聂卫锋
LAWS506224,法律英语,32.0,2.0,刘丽娜
LAWS507524,国际投资法（英）,32.0,2.0,"杜娟,张生"
LAWS508224,国际商法,32.0,2.0,陈虹睿
LAWS508324,国际法导论,16.0,1.0,Diego German Mejía Lemos
CORE100200,生命与伦理,32.0,2.0,"宋彬,王玥,冯亮,魏琳"
CORE101500,论语的智慧,32.0,2.0,陆卫明
GNED107714,西迁精神与大学文化,16.0,1.0,"吕青,成进,程洪莉,杨澜涛,史瑞琼,李重,苏玉波"
JZSJ200114,课程设计,0.0,1.0,宋希斌
MLMD100214,中国近现代史纲要,32.0,2.0,李园园
MLMD190814,形势与政策2（民族预科）,32.0,2.0,李家胜
MLMD196614,马克思主义基本原理,48.0,3.0,唐敏
MLMD199314,习近平新时代中国特色社会主义思想概论,48.0,3.0,"陆卫明,金新"
MLMD300114,【2023春】专题一：走好中国式现代化之路,0.0,0.0,高飞
MLMD300214,【2023春】专题二：脆弱复苏的世界经济（何志敏）,0.0,0.0,何志敏
MLMD300314,【2023春】专题三：聚天下英才 筑强国之基（岳潇）,0.0,0.0,岳潇
MLMD300414,【2023春】专题四：新时代中国外交战略（朱旭）,0.0,0.0,朱旭
MLMD300514,【2023春】专题五：正确认识全球能源安全形势（魏琳）,0.0,0.0,魏琳
MLMD300614,【2023春】专题六：深刻理解教育、科技、人才三位一体战略（权小娟）,0.0,0.0,权小娟
MLMD300714,【2023春】专题七：书写“一国两制”实践新篇章（张楠）,0.0,0.0,张楠
MLMD300914,【2023春】专题九：开创高质量发展新局面（周远）,0.0,0.0,周远
MLMD301014,【2023春】专题十：构建全国统一大市场，畅通国内大循环（伊景冰）,2.0,0.0,伊景冰
MLMD301114,【2023春】专题十一：提升网络信息安全素养（高如）,2.0,0.0,高如
MLMD301214,【2023春】专题十二：加快建设农业强国 推进农业农村现代化（武星星）,2.0,0.0,武星星
MLMD301314,【2023春】专题十三：走好中国现代化之路（李婧）,2.0,0.0,李婧
MLMD301414,【2023春】专题十四：美国印太战略与中国的对策（李家胜）,2.0,0.0,李家胜
MLMD301514,【2023春】专题十五：正确认识全球能源安全形势（冯亮）,2.0,0.0,冯亮
MLMD301614,【2023春】专题十六：走好中国式现代化之路（杨华）,2.0,0.0,杨华
MLMD301714,【2023春】专题十四：美国印太战略与中国的对策（李家胜）2,2.0,0.0,李家胜
MLMD402814,中共党史,48.0,3.0,"陆卫明,田建军,杜晓燕"
MLMD402914,思想政治教育原理与方法研究,48.0,3.0,"马忠,高飞,朱旭,燕连福,杨华,冯亮,岳潇"
MLMD403114,西方哲学史,48.0,3.0,寇爱林
MLMD403414,马克思主义哲学专题研究,48.0,3.0,吴鹏
MLMD403714,马克思主义哲学经典著作选读,48.0,3.0,燕连福
MLMD502414,现代西方经济学流派,48.0,3.0,樊晓燕
MLMD502514,伦理学概论,32.0,2.0,雒自新
MLMD502614,西方政治思想史,48.0,3.0,李景平
MLMD502714,世界近现代史,48.0,3.0,金新
MLMD503414,当代中国政府与政治,32.0,2.0,王维国
MLMD503514,马克思主义与当代社会思潮,48.0,3.0,王哲
POLI100114,当代世界政治与经济,32.0,2.0,金新
POLI100214,政治经济学,48.0,3.0,刘儒
MATH010007,专业导论（数学类）,16.0,1.0,"徐宗本,刘小川,杨家青,曾薇,郗平,郭士民,姜丹丹"
MATH200807,概率论,32.0,2.0,柳文波
MATH201107,复变函数与积分变换,48.0,3.0,陈虎民
MATH201307,数学建模I,58.0,3.0,乔琛
MATH201407,数学建模II,40.0,2.0,李换琴
MATH201507,经济数学建模,36.0,2.0,刘康民
MATH201607,数学物理方程,32.0,2.0,刘庆芳
MATH293207,线性代数,64.0,4.0,王仁振
MATH293307,基础数学实验,48.0,2.0,马军
MATH293507,数学Ⅱ,48.0,3.0,陈虎民
MATH293607,高等数学（留） II2,104.0,6.5,刘峰
MATH293807,高等数学（民族预科）,96.0,6.0,邸双亮
MATH294307,高等数学I-2,110.0,6.5,张引娣
MATH294407,高等数学II,64.0,4.0,马军
MATH294607,数学分析II-2,96.0,6.0,"易媛,徐小绪"
MATH294907,数学分析I-2,96.0,6.0,王立周
MATH295207,高等代数与几何I-2,96.0,6.0,王卫
MATH295407,高等代数与几何II-2,80.0,5.0,郭士民
MATH295507,概率论与数理统计,48.0,3.0,戴雪峰
MATH295607,概率统计与随机过程,64.0,4.0,王宁
MATH295907,高等数学I-2（留）,88.0,5.5,刘峰
MATH296107,工科数学分析-2,99.0,6.0,"李继成,王勇茂"
MATH296407,工科数学分析-2,99.0,6.0,徐文雄
MATH296707,高等数学I-2课程答疑,0.0,0.0,"郭丁和,赫孝良,常争鸣,张永怀,王宁,戴永红,张芳,王峰,刘康民,高安喜,乔亚梅,齐雪林,褚蕾蕾,吴慧卓,赵小艳,葛照强,贾惠莲,刘卫江,刘亚相,徐文雄,刘晋平,陈红斌,阮小娥,王勇茂,张引娣,唐平"
MATH296907,概率论与数理统计,48.0,3.0,赵小艳
MATH297207,高等数学-2,80.0,5.0,韩国栋
MATH311107,实变函数,48.0,3.0,尤波
MATH311207,复变函数,48.0,3.0,李科学
MATH311607,实变函数,64.0,4.0,刘小川
MATH325107,概率论,64.0,4.0,段启宏
MATH342607,概率论与数理统计课程答疑,0.0,0.0,"戴雪峰,康艳梅,邓镜达,王峰,戴永红,梅占东,赵小艳,王宁"
MATH411607,拓扑学,48.0,3.0,张强
MATH411707,微分几何,48.0,3.0,马跃
MATH413107,数值分析,48.0,3.0,王斌
MATH442207,生物统计基础,56.0,3.0,李丽敏
MATH442407,偏微分方程数值解法,48.0,3.0,侯延仁
MATH442607,矩阵分析,48.0,3.0,徐康丽
MATH442707,最优化方法,48.0,3.0,李辉
MATH443407,时间序列与金融统计,48.0,3.0,"惠永昌,康尧"
MATH443507,多元数据分析与统计软件,58.0,3.0,张春霞
MATH525207,机器学习,32.0,2.0,孟德宇
MATH542107,统计学习(含R软件),32.0,2.0,张讲社
MATH542207,抽象代数讨论班,32.0,2.0,邸双亮
MATH542407,近代数学选讲,32.0,2.0,王斌
MATH542707,动力系统初步,32.0,2.0,祖建
MATH543007,数字图像处理,32.0,2.0,孙剑
MATH543607,调和分析,32.0,2.0,缑天祥
MATH544007,贝叶斯统计,32.0,2.0,赵谦
MATH544507,数值代数,32.0,2.0,王飞
MATH544807,应用科学中的反问题,32.0,2.0,"杨家青,徐小绪"
MATH544907,地学大数据分析,32.0,2.0,"吴帮玉,王治国"
XJLU200107,动力学模型,150.0,5.0,唐彪
XJLU200207,应用数学方法导论,150.0,5.0,徐小绪
XJLU200407,抽象代数导论,150.0,5.0,郭振宇
XJLU200507,分析-2,150.0,5.0,"郭振宇,AMIN MOSALLANEZHAD"
0HYS303500,固体物理,64.0,4.0,张胜利
CORE100109,材料与人类文明,32.0,2.0,"王宇,杨森,周超,周桂江,杨志懋,汪飞,杨生春,卢学刚"
CORE100309,量子科学与技术革命,32.0,2.0,"张胜利,赵永涛,高宏,刘博,高韶燕,张沛,李福利"
CORE100409,走进天文学,32.0,2.0,左兆宇
GNED100609,物理建模与创新实践,32.0,2.0,"赵述敏,刘萍,蒋臣威,方爱平"
JZSJ900128,医学成像科学与应用,64.0,2.0,"赵永涛,雷铭,穆廷魁,初大可,王兴,杨健,孔春才,杨爱民,张明,栗建兴"
PHYS200128,基础物理实验（预科）,16.0,0.5,"毛胜春,曹子君"
PHYS200228,物理学导论,16.0,1.0,"赵永涛,冯俊,夏明岗,赵铭姝"
PHYS200428,大学物理II-1,64.0,4.0,"徐忠锋,刘丹东,刘萍,喻有理,张二虎,翟强,沈礼华"
PHYS200528,大学物理系列课程答疑,0.0,0.0,"张二虎,田蓬勃,杜广庆,董化,高博,左文亮,陈海霞,王瑞敏,赵述敏,栗建兴,刘丹东,刘萍,黄永义,李广良,王延申,苏亚凤,柯小琴,喻有理,张磊,蒋臣威,方爱平,肖国宏,李旭华,郭志新,赵前,刘志杰,翟强,胡昊,魏文青,王清涤,赵天宇,沈礼华,朱新栋,潘杰"
PHYS200628,大学物理III（米理）,64.0,4.0,王喆
PHYS215409,电磁学,64.0,4.0,"陈晓林,韩磊"
PHYS215509,普通物理学原子物理学,64.0,4.0,邵国运
PHYS260309,大学物理III,64.0,4.0,喻有理
PHYS260409,大学物理IV,64.0,4.0,卜涛
PHYS280209,大学物理实验II,32.0,1.0,唐勤
PHYS281009,现代物理基础导论,48.0,3.0,赵迪
PHYS281509,大学物理II-1,64.0,4.0,蒋臣威
PHYS281709,大学物理I-1,80.0,5.0,"张二虎,魏文青"
PHYS281809,大学物理实验I-1,32.0,1.0,唐勤
PHYS282109,基础物理-2,48.0,3.0,高韶燕
PHYS282309,自然科学发展概论,48.0,3.0,"杨森,吕东梅"
PHYS282509,理论力学,48.0,3.0,李蓬勃
PHYS282609,物理（民族预科）,64.0,4.0,方爱平
PHYS283509,大学物理学（实验）Ⅰ,32.0,1.0,"翟立朋,常凯歌"
PHYS283709,大学物理学（理论）1,64.0,4.0,"王小力,赵天宇,刘志杰"
PHYS283909,基础物理实验-1,32.0,1.0,"王琪琨,苏亚凤"
PHYS300228,创新物理实验Ⅰ,64.0,2.0,"王红理,王雪冬,赵述敏,冯雪红,高博"
PHYS300328,综合物理实验Ⅰ-1,48.0,1.5,"张俊武,张倩,童童,高博"
PHYS311309,电动力学,64.0,4.0,"付春娥,张鸿飞"
PHYS316209,理论力学,64.0,4.0,"李福利,冯俊"
PHYS316309,电动力学,80.0,5.0,"田光善,赵迪"
PHYS316609,固体物理,48.0,3.0,王宇
PHYS317409,基础物理（热学）,48.0,3.0,高博
PHYS317609,基础物理（原子物理学）,48.0,3.0,黄永义
PHYS317809,综合物理实验Ⅱ-1,32.0,1.0,"张俊武,张倩,童童"
PHYS318009,创新物理实验II,32.0,1.0,"王红理,王雪冬,赵述敏,冯雪红"
PHYS400128,原子物理学,64.0,4.0,"赵永涛,王兴,任洁茹"
PHYS403709,光学设计,32.0,2.0,唐茜
PHYS404909,材料物理专门实验2,32.0,1.0,郭永利
PHYS405209,材料科学基础II,48.0,3.0,卢学刚
PHYS405609,粒子物理导论,32.0,2.0,李荣
PHYS405809,核物理导论,48.0,3.0,毛施君
PHYS405909,凝聚态物理专业实验,32.0,1.0,"杨宏,冯雪红,耶红刚"
PHYS406009,凝聚态物理学导论,64.0,4.0,"夏明岗,刘杰"
PHYS406109,材料物理性质,32.0,2.0,周超
PHYS406309,材料研究方法,32.0,2.0,"孔春才,梁超"
PHYS523609,信息光学,48.0,3.0,刘瑞丰
PHYS523809,数字图像处理与分析,48.0,3.0,张俊武
PHYS524909,材料计算与模拟,32.0,2.0,"杨涛,高国平"
PHYS541609,科研训练II,32.0,1.0,高博
PHYS546509,科研训练I,32.0,1.0,冯俊
PHYS565909,非线性光学,32.0,2.0,卫栋
PHYS566509,纳米物理导论,32.0,2.0,夏明岗
COMP301018,大数据技术与应用,32.0,2.0,"李清宏,王洋,许永建"
CORE100218,谋与断：中国治理现代化的思与悟,32.0,2.0,"王洋,何晓晨,杜鸣溪,杜海峰"
CORE100318,当代中国公共管理与政策分析,32.0,2.0,"杨雪燕,闫菊娥,姜全保,黎洁,王昕红"
ECND302318,卫生经济学,24.0,1.5,"赖莎,范小静"
ECND302518,宏观经济学Ⅲ,32.0,2.0,杜巍
ECND302618,计量经济学,32.0,2.0,"王洋,李清宏,许永建"
ECND400118,公共经济学,32.0,2.0,雍岚
GNED105718,循环科学与生态文明,32.0,2.0,刘哲
GNED105818,经典导读：集体行动的逻辑,16.0,1.0,"王洋,何晓晨,杜海峰"
GNED106118,马尔萨斯《人口原理》,16.0,1.0,柳江华
JZSJ400418,科研训练,32.0,1.0,胡晗
MAGT000118,公共管理专业导论,16.0,1.0,"马伟,朱正威,胡晗,杨雪燕,胡芳肖,董新宇,杨潇,郭雪松"
MAGT300818,公共管理研究方法,32.0,2.0,柳江华
MAGT301518,项目管理,32.0,2.0,"杨东朗,石琛"
MAGT302218,职业生涯规划,32.0,2.0,马伟
MAGT302418,政府公文写作,32.0,2.0,梅红
MAGT302618,人口分析,32.0,2.0,姜全保
MAGT400418,组织行为学Ⅱ,32.0,2.0,"周忠良,巩少青,王文华"
MAGT401118,社会保险理论与实务,32.0,2.0,章芬
MAGT401218,劳动经济学,48.0,3.0,胡芳肖
MAGT401318,中国政府与政治制度,32.0,2.0,白萌
MAGT500218,国家公务员制度,32.0,2.0,白萌
MAGT500318,比较政治制度,32.0,2.0,姚秀颖
MAGT500618,社会保障精算,48.0,3.0,封铁英
MAGT500918,城市管理学,32.0,2.0,杨小军
MAGT501118,电子政务,32.0,2.0,"马宁,何晓晨"
MAGT501218,保险学,32.0,2.0,杨潇
MAGT501318,社会福利与优抚,32.0,2.0,毛瑛
MAGT501518,劳动关系学,32.0,2.0,"王立剑,张泽滈"
MAGT501918,政府与企业,32.0,2.0,"刘朔,杜鸣溪"
MATH400218,运筹学,32.0,2.0,"郭雪松,马宁"
POLI400118,中外政治思想史,32.0,2.0,吕书鹏
POLI500118,国际政治,32.0,2.0,崔瑞锋
PUBH501318,社会医学,32.0,2.0,"范小静,赖莎"
STAT300518,社会统计学,64.0,4.0,"许永建,杨小军"
ARCH300822,计算机辅助建筑设计,40.0,2.0,虞春隆
ARCH310322,外国建筑史1,32.0,2.0,刘怡
ARCH320122,公共建筑设计原理,32.0,2.0,翟斌庆
ARCH360622,房屋建筑学,16.0,1.0,张硕英
ARCH360722,住宅建筑设计原理,16.0,1.0,张定青
ARCH360922,城市规划原理,32.0,2.0,曹象明
ARCH361022,建筑设备工程,24.0,1.5,罗昔联
ARCH361222,风景园林设计原理,24.0,1.5,杨晗孜
ARCH361322,建筑物理1,40.0,2.5,"王赞社,罗昔联"
ARCH362422,建筑构造-2,24.0,1.5,虞志淳
ARCH362922,人居环境科学概论,16.0,1.0,"张硕英,曹象明,张定青,王新轲,程燕,顾兆林,WANG YUPENG"
ARCH400322,建筑设计I,112.0,6.0,戴靓华
ARCH410422,城市与公共建筑专题设计,112.0,6.0,竺剡瑶
ARCH410522,建筑设计III,112.0,6.0,马立
ARCH411122,智慧城市与城市计算,32.0,2.0,"金立文,崔鑫,童自翔"
ARCH411222,建筑设计基础-2,96.0,4.0,曹象明
ARCH411422,城市协同规划,16.0,1.0,曹象明
ARCH411522,城市空间数据获取与分析,16.0,1.0,"许威,姚莹莹"
ARCH411722,建筑设计基础-2,96.0,4.0,杨晗孜
ARCH500122,环境心理学,24.0,1.0,党纤纤
ARCH540222,建筑摄影,16.0,1.0,吴志勇
ARCH540722,场地设计概论,24.0,1.5,王非
ARCH541322,当代建筑评论,24.0,1.5,周典
ARCH541522,园林与景观设计,24.0,1.0,杨晗孜
ARCH541722,空间句法理论及应用,16.0,1.0,竺剡瑶
ARCH541822,建筑师职业教育,8.0,0.5,杨路
ARCH542022,世界遗产概论Introduction to World Heritage,24.0,1.5,李红艳
ARCH542122,高层建筑设计概论,16.0,1.0,"王兵,王梦莹"
ARCH542422,建筑初步设计与施工图设计,24.0,1.0,王佳
ARCH900222,人居环境大数据与多规合一综合设计1,128.0,4.0,"程芳欣,徐怡珊,WANG YUPENG"
BEEA400622,热质交换原理与设备,32.0,2.0,"徐晗,党政"
BEEA400822,暖通空调,56.0,3.5,"张联英,孔琼香,王志华,张胜"
BEEA401022,建筑冷热源,56.0,3.0,"王沣浩,王志华"
BEEA401122,建筑设备自动控制,32.0,2.0,王军
BESE900122,建筑环境综合实验-2,16.0,0.5,"孟祥兆,马从付"
BESE900222,暖通空调综合设计,96.0,3.5,"孔琼香,张联英,王志华,张胜"
CIVL120122,土木工程概论,16.0,1.0,"许领,魏欣,吴冰"
CIVL420922,土木工程施工,32.0,2.0,"张硕英,岳焱超,王剑云,罗冬"
CIVL421122,工程地质,24.0,1.5,"廖红建,张立,穆青翼"
CIVL421222,测量学,40.0,2.0,"韩波,罗冬,张妮"
CIVL421322,土木工程材料,40.0,2.0,"侯健,侯月琴,王剑云,刘刚"
CIVL542622,工程经济与项目管理,24.0,1.5,"张玲玲,魏欣"
CIVL543922,混凝土结构设计,40.0,2.0,宋丽
CIVL544122,钢结构设计,40.0,2.0,"薛晓敏,苏有华"
CIVL544422,桥梁工程,40.0,2.0,辛灏辉
CIVL544522,工程结构抗震,24.0,1.5,"马建勋,岳焱超"
CIVL544822,城市应急管理与防灾减灾,24.0,1.5,"许领,赵腾远,陆世锋,吴冰,魏欣,左璐"
CIVL900222,土木工程综合实验,48.0,2.0,"左璐,韩波"
EARS200122,人居环境科学概论,16.0,1.0,"张硕英,曹象明,张定青,王新轲,程燕,顾兆林,WANG YUPENG"
EARS300622,环境地学,32.0,2.0,"郭伟,许威"
EARS400422,生态学,48.0,3.0,"张凡,王俊淇"
EARS400522,环境工程学,96.0,5.0,"刘宗宽,梁继东,王文东,金鹏康,金鑫,徐芙清"
EARS400922,城市遥感技术,16.0,1.0,"许威,牛馨祎"
EARS401122,城市环境与城市生态学,16.0,1.0,"王非,甄蒙"
EARS401322,环境系统监测,32.0,2.0,"陈美娟,唐龙,牛馨祎"
EARS501422,环境模型与数值模拟,32.0,2.0,"苏军伟,刘登科"
EARS502222,普通地质学,32.0,2.0,"蔡演军,张海伟,沙丽娟,赵景耀"
EARS502922,环境修复原理与技术II,32.0,2.0,"唐龙,吴一平,邱临静,覃蔡清"
GNED100522,中国历史建筑与传统文化,32.0,2.0,"王佳,张钰曌,YEO SOK YEE"
JZSJ200222,城市与人居环境实践Ⅱ,24.0,1.0,张硕英
JZSJ300122,建筑模型制作6,16.0,0.5,吴志勇
JZSJ300322,建筑模型制作2,16.0,0.5,吴志勇
JZSJ300522,建筑模型制作4,16.0,0.5,吴志勇
JZSJ301022,设计实践2,16.0,0.5,"雷耀丽,杨玙珺"
JZSJ301222,设计实践4,16.0,0.5,王琪
JZSJ301422,设计实践6,16.0,0.5,马立
JZSJ900422,创新创业实践II,120.0,3.0,张云伟
JZSJ900522,创新创业实践III,80.0,2.0,张云伟
JZSJ900622,创新创业实践IV,40.0,1.0,张云伟
JZSJ900822,创新创业实践I,160.0,4.0,张云伟
CENG220316,工程算法设计与模型求解,46.0,2.0,"张永海,江智元"
CENG320516,化工安全,32.0,1.5,"常春然,胡准,林波"
CENG321416,化学反应工程,48.0,2.5,"伊春海,谢涛,何欣平"
CENG321716,化工原理实验-1,16.0,0.5,张瑜
CENG321816,工程力学基础,32.0,2.0,"张海滨,郑楠,涂圣文"
CENG322016,化工原理-1,56.0,3.0,"黄占东,康丽霞,魏进家,谢涛"
CENG421916,过程装备智能制造基础,32.0,2.0,"邓建强,何阳"
CENG422016,过程设备设计,48.0,2.5,"魏进家,齐宝金,侯雄坡"
CENG422116,过程装备控制技术,56.0,2.5,"张早校,侯雄坡,吴震"
CENG422316,能源化工过程安全,36.0,2.0,"段权,宋岩,侯雄坡"
CENG422416,过程流体机械,50.0,2.5,"李云,高秀峰,侯雄坡"
CENG422516,化工分离过程,48.0,2.5,"李娜,黄哲庆,杜少华"
CENG422616,化工传递过程,52.0,2.5,刘永忠
CENG520116,化工仪表及自动化,32.0,1.5,闫孝红
CENG520516,化学工程与工艺实验,32.0,1.0,郝妙莉
CENG523016,化工工艺学Ⅱ,24.0,1.5,邓建强
CENG523116,化工机械强度与振动,24.0,1.5,"张海滨,方嘉宾"
CENG523416,反应器设计,24.0,1.5,"王斯民,肖娟"
CENG524016,过程装备腐蚀与防护Ⅰ,24.0,1.5,"胡海军,王亚飞"
CORE100116,环境治理与可持续发展,32.0,2.0,"周强,费强,陈鑫,姜召,崔凯,方涛"
CORE100316,全球气候史,32.0,2.0,"陈啸,姜召,周强"
CORE102900,资源、能源、环境和社会,32.0,2.0,"费强,杨庆远,刘桂莲,魏进家"
GNED100216,身边的化工,32.0,2.0,"吴志强,胡超,段培高"
GNED100316,《薛定谔生命物理学讲义》导读,16.0,1.0,"周德重,黄博"
GNED100416,易经的智慧,32.0,2.0,"张华承,赵宇鑫,黄博"
GNED100516,无所不在的高分子-从单细胞到航天飞机,32.0,2.0,"马和平,金尚彬"
GNED100616,节能减排——物尽其用知多少,32.0,2.0,"康丽霞,杨敏博,刘桂莲,张桥"
ITDE420116,创新项目设计,32.0,1.0,刘永忠
SCTR420116,化工设计,80.0,3.0,黄哲庆
BASM300248,病理生理学,90.0,5.0,"刘瑞,邓秀玲,孙宏志,刘进军,冯洁,王新凤,张伊"
BASM300348,局部解剖学,108.0,4.0,"冯改丰,董炜疆,许杰华,杨蓬勃,靳辉,肖新莉,李月英,杨维娜,贾宁,张建水"
BASM300548,病理学,153.0,7.5,"王一理,赵长安,崔刚,孙颖,雷霆,任淑婷,周党侠,莫立平,张海峰"
BASM300848,病理生理学,60.0,3.0,"刘瑞,庞正达,王燕,刘进军,王新凤,冯洁"
BASM301048,人体寄生虫学,36.0,2.0,"程彦斌,张旭"
BASM301248,组织学与胚胎学,96.0,5.0,"吴晓林,田宏,武捷,张晓田,周劲松"
BASM302748,病理解剖学,68.0,3.5,"王一理,赵长安,崔刚,孙颖"
BASM302848,药理学Ⅰ,24.0,1.5,"李冬玲,陈莉娜"
BASM303148,口腔局部解剖学,72.0,4.0,杨杰
BASM304248,局部解剖学,64.0,2.5,"冯改丰,董炜疆,许杰华,贾宁,张建水,杨蓬勃,靳辉,钱亦华"
BASM304348,医学微生物学,56.0,3.0,"徐纪茹,刘成程,寻萌,王洪亮"
BASM304748,医学微生物学,48.0,2.5,"陈艳炯,韩蕾,杨娥,王洪亮"
BASM304948,机能实验学,48.0,1.5,"胡浩,朱延河"
BASM305048,人体分子与细胞- II,64.0,4.0,"李冬民,蒋小英,雷莉,侯妮,赵凌宇,陈妍珂,徐晶,杨旭东"
BASM305148,人体形态学-II,24.0,1.5,"孙颖,周党侠,任淑婷,莫立平,王一理"
BASM305248,整合实验-Ⅱ,112.0,3.5,"胡浩,张莉,贺建宇,孟凯,史小莲,王新凤,陈丽,王涛,赵铭,侯妮,陈妍珂,雷莉,赵凌宇,李冬民,俞小瑞,武一,孟列素,杨旭东,郑芳,蒋小英,徐晶,李海韵,崔刚,任淑婷,周党侠,雷霆,孙颖,莫立平,赵长安,张海峰,孙瑞芳"
BASM305648,人体功能学,96.0,6.0,"张莉,霍福权,王涛,郭媛,刘瑞,刘进军,王新凤,李冬玲,陈莉娜"
BASM305748,人体分子与细胞-Ⅰ,64.0,4.0,"吕社民,李冬民,杨娟,秦棪楠,郑芳,俞小瑞,杨旭东"
BASM305848,基本科研素养,24.0,1.5,"刘利英,陈莉娜,赵四海,刘进军,李冬民,孟列素,翟中会,张澍"
BASM305948,人体分子与细胞,64.0,4.0,"李冬民,武一,杨娟,杨旭东,李海韵,陈妍珂"
BASM311140,医学实验动物学,32.0,1.5,"刘恩岐,王蓉,白亮,王维蓉,赵四海"
BASM311340,口腔局部解剖学,56.0,2.0,"杨杰,陈新林,李月英,杨蓬勃"
BASM311540,生理学,56.0,3.5,"陈坷,郭媛,王涛"
BASM311640,免疫学,40.0,2.0,"刘如意,季延红,马运峰,张保军"
BASM311840,病理生理学,32.0,2.0,"王新凤,冯洁,张伊,庞正达,王燕"
BASM311940,病理学,40.0,2.0,"雷霆,孙颖"
BASM312040,机能实验学Ⅰ,32.0,1.0,"胡浩,史小莲,陈丽"
BASM312540,生理学,64.0,4.0,"陈丽,刘健,郭媛,张莉,罗肖"
BASM312640,免疫学,50.0,2.5,"刘如意,季延红,马运峰,张保军"
BASM312840,病理学,96.0,4.5,"雷霆,张海峰,王一理,崔刚,赵长安"
BASM312940,生物信息学,32.0,1.5,"徐纪茹,韩蕾,陈艳炯,寻萌,杨娥,刘成程"
BASM313040,机能实验学Ⅰ,32.0,1.0,"史小莲,朱延河,张莉,胡浩,陈丽,王涛,孙强,冯洁"
BASM313240,医用电子显微技术,24.0,1.0,"马捷,朱杰,陈明霞"
BASM313340,全科医学教育,32.0,2.0,"宋彬,王明旭"
BASM313440,药理学,48.0,3.0,"赵铭,周筠,李西宽,胡浩"
BASM313740,生理学,40.0,2.0,"康玉明,梁玲利,孙波,王玉英,徐佳曦"
BASM314240,药理学,64.0,4.0,"赵铭,林蓉,史小莲,周筠,陈莉娜,贺建宇"
BASM400140,药理学,88.0,4.0,"李冬玲,林蓉,赵正杭,李西宽,刘书勤,贺熙,贺建宇"
BASM400348,病理学,104.0,5.0,"雷霆,张海峰,王一理,崔刚,赵长安"
BASM400448,免疫学与分子免疫学,68.0,3.5,"王军阳,周晓勃,史霖,季延红,张保军,刘如意,马运峰"
BASM400648,神经生物学,32.0,2.0,"陈新林,吕海侠,张智超,马凯歌,安晶"
BASM400848,生理学,72.0,4.5,"陈丽,王勇,姚璐"
BASM401148,分子生物学实验方法与技术,32.0,1.0,杨旭东
BASM401348,机能学实验方法与技术Ⅰ,32.0,1.0,"史小莲,胡浩"
BASM401448,机能学实验方法与技术Ⅲ,24.0,0.5,胡浩
BASM401548,学科交叉专题,32.0,2.0,"张德文,吴春生,王健,魏琳,张月浪,方宇,阎春霞,吕海侠,马乐,张谞丰,黄辰,张保军,孟列素,陈艳炯,杨娟"
BASM401648,综合实验设计,32.0,1.0,吕海侠
BASM401748,局部解剖学,72.0,2.5,"杨维娜,靳辉"
BASM401848,医学微生物学基础与进展,60.0,3.0,"徐纪茹,王洪亮,陈艳炯,韩蕾,杨娥"
BASM500140,断面解剖学,32.0,2.0,"董炜疆,许杰华,李月英,肖新莉,贾宁,杨杰,靳辉"
BICH300940,生物化学,32.0,2.0,"蒋晓刚,王慧莲,马捷"
BIOL300148,生物化学,128.0,7.0,"张林,郑芳,朱文华,徐晶,李冬民,俞小瑞,王慧莲,杨旭东,蒋晓刚,蓝茜,马捷"
BIOL300548,分子生物学,44.0,2.0,"蒋小英,李海韵,蒋晓刚"
CENG400148,化工原理,72.0,4.5,"卢闻,贺怀贞,侯晓芳,周文静,伊春海,杨小平"
CLIM300148,医学心理学,32.0,2.0,"陈策,陈云春,杨小波,王崴"
CLIM300948,眼科学,24.0,1.5,"郑玉萍,姚亮,刘子瑶,赵琳,柏凌,王建明,熊蕾,张晓辉"
CLIM301248,放射诊断学,48.0,2.0,"杨健,徐贵平,张静平,梁挺,王斐,牛晨,丁宁宁,李晨霞,孙亲利"
CLIM301348,耳鼻咽喉科学,24.0,1.5,"张晓彤,张滟,夏翠,盛颖,成颖"
CLIM301448,医患沟通与技巧,16.0,1.0,常捷
CLIM400348,中医学,56.0,2.5,"赵娇,胡珊,夏欣欣,张哲,孙连庆,刘永惠"
CLIM400448,精神病学,32.0,1.5,"马现仓,王崴,李强,陈策,朱峰"
CLIM400548,内科学,48.0,2.5,"苏丹,张岩,史红阳,和平,马师洋,赵菊辉,万晓龙,田李芳,王瑾,董鹏,张春燕,韩锦,白菊,张静,胡艳超"
CLIM400748,神经病学,54.0,2.5,"罗国刚,邓美英,俱西驰,杨剑波,廉民学"
CLIM400948,皮肤性病学,32.0,1.5,"赵恩兵,刘文丽,张子茜,张键,周艳,穆欣,郑焱"
CLIM401048,急诊医学,32.0,1.5,"石秦东,郭利涛,苗常青,刘昱,李昊,杜俊凯,王军,王彩凤,滕琰"
CLIM401548,眼科学,32.0,1.5,"崔丽珺,刘思伟,李晶明,雷剑琴,樊小娟,史强"
CLIM401648,儿科学,108.0,5.5,"史瑞明,周熙惠,张葳,曹禺,丁玎,杨永华,廉国利,肖谧,刘丽"
CLIM401748,急诊医学,30.0,1.5,"郭秦乐,石秦东,李昊,杜俊凯,许静"
CLIM401848,医学影像学,72.0,3.0,"张明,强永乾,牛刚,王蓉,王秋萍,王斐,马强,张月浪,张静平,王亚蓉,荐志洁,丁宁宁,李晨霞,金晨望"
CLIM401948,皮肤性病学,27.0,1.5,"韩丹,周艳,张键,穆欣,葛睿"
CLIM402048,口腔科学,32.0,1.5,"陈曦,陶洪,李大旭,孙俊毅,赵亮,崔敏,郭昱成,白岫峰"
CLIM402448,诊断学,120.0,5.5,"赵小睿,吕晶,陈明伟,白玲,李红霞,刘星君,蒲丹,高渊,樊萍,阳甜,肖懿慧,王云,范力宏,杨春,吴迪,路万虹,孙怡宁,任莉,赵艳茹,袁娜,刘海波"
CLIM402548,耳鼻咽喉科学,32.0,1.5,"白艳霞,邵渊,王林古"
CLIM402848,老年病学,32.0,2.0,"权乾坤,王锐利,李秀丽,梁春联,章琳,叶莎,张倩榕,丁铭格,任松,郑华东,王国恩,王志东,张澍,周晓荣,杨正安"
CLIM402948,内科学Ⅰ,56.0,3.0,"郭辉,贺雅毅,申燕,冯婕,浮姣,刘淑,兰平,王志刚,高楚淇"
CLIM403048,耳鼻咽喉科学,27.0,1.5,"赵瑞敏,牛晓蓉,邵渊"
CLIM403148,眼科学,27.0,1.5,"刘钊,吴昌睿,雷剑琴,吴捷,李晶明,崔丽珺"
CLIM403248,急诊医学,28.0,1.0,"裴红红,彭卓,程三放,孙师元,潘龙飞,党晓燕,古长维,李萍"
CLIM403448,外科学,84.0,3.5,"曹罡,雷晓鸣,刘阳,李宗芳,李华,马建仓,陆宏伟,刘棣,吕健,裴斐,管海涛,吴涛,李鹏,陈海文,徐金锴,吴刚,杨佩,马跃峰,单涛"
CLIM403648,医学影像学,90.0,4.0,"杨健,徐贵平,张静平,范妤欣,梁挺,张毅力,王斐,牛晨,丁宁宁,李晨霞,孙亲利,尚进"
CLIM403748,内科学Ⅰ,72.0,3.5,"李宏,孙忠民,陈天君,解立怡,郭辉,王毅,吴晓燕,郝志明,任徽,党晓敏,朱柏,孙吉平,吕晓虹,杨世峰,郝亚宁,李丹"
CLIM403848,口腔科学,27.0,1.5,"陈曦,刘治,陈江浩,李大旭,陶洪,赵亮"
CLIM404048,精神病学,27.0,1.5,"陈云春,陈策,马现仓,王崴"
CLIM404248,外科学Ⅰ,120.0,6.0,"刘青光,马振华,郑见宝,王强,每晓鹏,田普训,王铮,郑鑫,王瑞,聂会勇,闫炀,鱼潇,林婷,李徐奇,张昊,邢俊平,吴齐飞,禄韶英"
CLIM404348,传染病学,72.0,3.0,"何英利,石磊,张曦,杨瑗,刘锦锋,刘小静,牛迎花,陈云茹,陈红梅"
CLIM404548,心血管系统疾病,59.0,3.0,"郑小璞,孙超峰,金晨望,邓惠兴,白玲,王东琦,舒娟,郭宁,牟建军,李勇新,田刚,田红燕"
CLIM404648,女性生殖系统疾病,94.0,4.5,"高艳娥,李牧,高庆,刘明,段钊,樊江波,蔡东阁,邬晋芳,谢秀英,薛翔,彭慧霞,赵晓岚,张欣,尉春艳,陈茜,李向红,王益东,顾中亮"
CLIM404848,皮肤性病学,44.0,2.5,"耿松梅,牛新武,曾维惠,刘艳,王晓鹏"
CLIM405048,眼科学,44.0,2.5,"郑玉萍,赵琳,马君择,张晓辉,权彦龙,柏凌,王建明,熊蕾,刘子瑶,姚亮"
CLIM405148,血液与肿瘤疾病,59.0,3.0,"何爱丽,赵万红,王芳侠,马肖容,张鹏宇,王剑利,杨云,刘捷,李学义,古流芳"
CLIM405248,呼吸系统疾病,80.0,4.0,"杨岚,孙忠民,张蕴,张广健,任徽,李洋,石志红"
CLIM405348,耳鼻咽喉科学,44.0,2.5,"张晓彤,任晓勇,侯瑾,祝康,成颖,罗花南"
CLIM405448,儿童生长发育疾病,60.0,3.0,"侯伟,王惠萍,杨琳,周戬平,李静,徐尔迪,李丹,王雪莹,张岚,王晶晶,郭亚乐"
CLIM405548,消化系统疾病,116.0,5.5,"刘昌,马清涌,刘青光,王曙逢,李妙玲,厉英超,许君望,车向明,贾皑,张广健"
CLIM405648,内分泌与代谢系统疾病,52.0,2.5,"施秉银,姚孝礼,王毅,杨爱民,吴晓燕,郭辉,张毅力"
CLIM405948,临床医学导论Ⅰ,118.0,6.0,"和水祥,陈策,乔文,柏宏亮,李静,王强,杨爱民,李红霞,仵正,张明"
CLIM406348,毕业考试,0.0,0.0,柏宏亮
CLIM408348,诊断学,158.0,7.5,"强薇,米琛,李满祥,方媛,杨延洁,黄欣,卢新兰,殷燕,乔文,杜媛,李静,王怀宇,刘海波,王顺,卢桂芳,刘亚,胡婷华,周博,陈涛,王晓培,王斐倩,王志刚,台明辉,王晓宁"
CLIM408448,外科学-1,126.0,6.0,"廖新华,姬文晨,聂会勇,白转丽,郑瑾,涂康生,马吉光,张昊,师桃,李小刚,吴开杰,张佳"
CLIM500144,核医学,32.0,1.5,"杨爱民,邓惠兴,贾茜,张芬茹,高蕊,薛建军,耿倩倩"
CLIM500148,临床病理学,24.0,1.5,"张冠军,宫惠琳,王鸿雁,梁华,蒋依娜,曹培龙,侯惠莲,邓元,隋燕霞,刘希"
CORE100148,健康与疾病,32.0,2.0,"田刚,乔文,黄省利,邓景元,郝亚宁,周灿,宋土生,施秉银"
EELC300148,医用电子技术基础,60.0,4.0,"张方,吴春生,杜立萍"
EELC322440,医用电子学,32.0,2.0,张方
ENGL300447,护理专业英语,24.0,1.5,"张银萍,王婧,周凯娜"
FORM300143,法医学导论,16.0,1.0,"王振原,刘新社,阎春霞,顾姗智,韩卫,马丽霞,张洪波,樊栓良"
FORM400143,法医法学,48.0,2.5,"魏曙光,朱杰,朱永生,张洪波"
FORM400248,法医案例综合分析,24.0,1.5,"王振原,樊栓良,马丽霞,顾姗智,韩卫,高雅,张洪波,张宝"
FORM400443,法医病理学,160.0,7.5,"王振原,刘新社,李涛,张玉向,阎春霞,樊栓良"
FORM400543,法医物证学,120.0,5.5,"赖江华,孙钦儒,张宝,朱永生,张洪波"
FORM400548,法医毒理学,56.0,3.0,"马丽霞,井航,党永辉"
FORM400648,法医毒物分析,64.0,2.5,"马丽霞,井航"
FORM400748,精神病学与法医精神病学,64.0,3.5,"韩卫,党永辉,高雅"
FORM400848,法医临床学与人类学,88.0,4.5,"顾姗智,朱杰,陈腾,贾晓俤,高雅,官方霖"
FORM500148,法医心理学,44.0,2.5,"党永辉,朱永生,官方霖,贾晓俤,韩卫"
GNED100348,微生物感染与健康,32.0,2.0,"徐纪茹,陈艳炯,杨娥"
GNED100748,基因的奥秘,32.0,2.0,王福
GNED100948,健康素养导论,32.0,2.0,"高滢,张岩,赵永林,张寅斌,刘棣"
GNED101048,危急症的辩识及院前急救,32.0,2.0,"高宁,刘艳,胡娟,程继文"
GNED101148,睡眠与健康,32.0,2.0,"赵晓静,杨琳,张欢,任晓勇"
HIST300140,医学史,24.0,1.5,"王明旭,宋彬"
INFT320340,医学信息检索与利用,16.0,1.0,翟中会
JZSJ400247,临床护理实习,0.0,19.0,王小琴
JZSJ400248,临床通科实习,0.0,48.0,黄燕萍
JZSJ400348,口腔临床实习,0.0,48.0,"张鲍明,侯琳娜,裴丹丹"
JZSJ400443,法医专业实习,0.0,10.0,朱杰
JZSJ400448,临床技能训练,0.0,1.0,柏宏亮
JZSJ400548,临床内外科实习,0.0,9.0,"马肖容,周戬平,何爱丽,种铁"
JZSJ400748,临床教学实习,0.0,16.0,黄燕萍
JZSJ400848,专业实习,0.0,6.0,吕海侠
JZSJ400948,基础科研训练,0.0,2.0,吕海侠
JZSJ900348,临床药学专题实习,400.0,10.0,"封卫毅,张抗怀"
JZSJ901048,口腔基础技能训练,80.0,2.0,"裴丹丹,张鲍明,侯琳娜"
JZSJ901148,社区护理实习,80.0,1.0,郭晓元
JZSJ901948,外科生产实习Ⅰ,720.0,18.0,"黄燕萍,马兴"
JZSJ902048,口腔外科生产实习,640.0,16.0,"侯琳娜,裴丹丹,张鲍明"
JZSJ902248,传染科生产实习,120.0,3.0,王渊
JZSJ902548,内科生产实习Ⅲ,560.0,14.0,王渊
JZSJ902848,妇产科生产实习Ⅰ,240.0,6.0,"安瑞芳,黄燕萍"
JZSJ902948,儿科生产实习,120.0,3.0,王渊
MAGT400142,药事管理学,48.0,3.0,"方宇,冯变玲,常捷,姜明欢,杨才君"
MATL400148,口腔材料学,32.0,1.5,"邓晓红,肖敏,孙雪飞,董少杰"
NURS300448,健康评估,64.0,3.0,"施齐芳,吕爱莉,李宁"
NURS300648,基础护理学 Ⅰ,80.0,3.5,"王娣妙,高睿,张迎"
NURS400248,护理研究,28.0,1.5,"蒋文慧,王小琴,方华,杨磊"
NURS400447,老年护理学,24.0,1.5,顾炜
NURS400448,护理管理学,28.0,1.5,"顾炜,张银萍"
NURS400548,急危重症护理学,32.0,1.5,张银萍
NURS400648,外科护理学 Ⅱ,72.0,3.5,"高睿,李津"
NURS401048,内科护理学 Ⅱ,72.0,3.5,"施齐芳,吕爱莉,李宁"
NURS401248,精神健康与心理护理,48.0,2.5,"伏炜,郭丽阳,李雅妹,贾敏,姜文慧,文炳龙,马明芳"
PHMA300348,生药学,64.0,3.0,"牛晓峰,王戌梅,刘霞,高昕"
PHMA300448,药物分析,64.0,3.0,"侯晓芳,包涛,解笑瑜"
PHMA300548,药物流行病学,24.0,1.5,"吴谦,王丽荣,齐欣,沈明望,张天啸"
PHMA300648,生物药剂学,40.0,2.0,"李维凤,张彦民,韩省力"
PHMA303842,波谱解析,40.0,2.5,"朱宇红,张海龙,张新新"
PHMA303942,药用植物学,56.0,2.5,"牛晓峰,王戌梅,刘霞,高昕"
PHMA304042,有机化合物波谱解析,40.0,2.5,"张卉,郭增军,詹冠群"
PHMA400542,药物分析学,80.0,4.0,"曾爱国,杨广德,罗智敏,景王慧,张东东"
PHMA401042,工业药剂学,84.0,4.0,"李维凤,高阳,王珂"
PHMA401142,化学制药工艺学,64.0,3.0,"张三奇,潘晓艳"
PHMA401348,药物合成反应,110.0,5.0,"黄渊,朱云博,张杰,贺怀贞"
PHMA401948,天然药物化学,48.0,3.0,"郭增军,朱宇红,张卉,张海龙,张新新,詹冠群"
PHMA402048,药剂学,100.0,4.5,"邢建峰,李维凤,王珂"
PHMA402148,临床药物治疗学各论 Ⅱ,80.0,4.0,"刘晨伟,张丽娜,谢姣,赵文娜,逯星竹,鲍和,杨乾婷,李亚,余静洁"
PHMA402248,临床药物治疗学各论 Ⅰ,80.0,4.0,"王海涛,鲍和,季美汐,蔡艳,王娜,李友佳,康力敏,张莉,李莎"
PHMA402348,工业药物分析,64.0,3.0,"贺浪冲,曾爱国,韩省力,张东东,罗智敏,刘瑞,张彦民,张涛,景王慧"
PHMA500442,临床药物治疗学,32.0,2.0,"方宇,李鹏飞,王陶陶"
PHMA500448,药物设计学,24.0,1.5,"边晓丽,李义平"
PHMA500542,药学研究进展,32.0,2.0,"王嗣岑,解笑瑜,侯晓芳,景王慧,方宇,罗文娟,张新新,张继业,张杰,牛晓峰"
PHMA500648,药物分离与检测科学,24.0,1.5,"侯晓芳,包涛,郝旖"
PHYS200148,生物物理学,32.0,2.0,"吴春生,杜立萍,陈炜,蔡文,张德文,孔澍,王健,张明真"
PSYL300447,护理心理学基础,56.0,3.0,"张银萍,顾炜,李小妹"
PUBH300348,临床营养学,24.0,1.5,"程悦,于燕"
PUBH300848,流行病学,64.0,3.0,"李燕琴,齐欣,吴谦,刘鑫,张天啸,王丽荣,沈明望"
PUBH301341,生物统计学,32.0,1.5,"党少农,米白冰"
PUBH400241,卫生化学,56.0,2.5,"韩蓓,程悦,祁菲菲"
PUBH400341,卫生毒理学,64.0,3.0,"石兴民,雷荣辉,安菲菲"
PUBH400441,卫生微生物学,40.0,2.0,"薛晚利,石兴民,孔利云"
PUBH400541,数据管理与分析,32.0,1.5,"吴谦,张天啸,肖生彬"
STAT300141,生物统计学,32.0,1.5,"党少农,米白冰"
STAT400141,生物统计学,96.0,4.5,"赵亚玲,李强,米白冰,曾令霞"
STOM060146,口腔医学导论,16.0,1.0,"董炜疆,牛林,侯玉霞,阮建平,刘中博,虎小毅,陈悦,董茜茜"
STOM400948,口腔生物学,40.0,2.0,"许丹,高江红,孟昊天,刘瑾,裴丹丹,刘中博,李昂"
STOM402048,牙周病学Ⅰ,24.0,1.5,"苗棣,刘瑾"
STOM402148,全口义齿修复学,80.0,3.0,"刘瑞瑞,牛林,李蕴聪,郝雅琪"
STOM402248,牙体手术学,48.0,2.0,"董茜茜,刘青,文艺峰,强乐"
STOM402348,牙合学,24.0,1.0,"亓坤,王爽,刘瑞瑞"
STOM402448,口腔放射诊断学,40.0,2.0,"王涛,文艺峰,苗棣,虎小毅,廖立凡,贺龙龙"
STOM402548,社区牙科学,48.0,2.0,"阮建平,高江红,田剑刚,张斌,樊晓宇"
STOM402648,牙髓病学Ⅱ,80.0,3.5,"董茜茜,文艺峰,强乐,牛玉梅,薛云鹏"
STOM402948,口腔颌面外科学Ⅲ,60.0,2.5,"刘劲洋,郭治辰,毕思思,文抑西"
STOM403148,口腔病理学,56.0,2.5,"张佳,辛颖,齐红"
STOM403348,口腔正畸学,104.0,4.5,"侯玉霞,王爽,邹蕊,郭昱成,王菲,吉玲玲,乔虎,王丽颖,赵华翔"
STOM403448,口腔种植学,20.0,1.0,"周秦,贺龙龙,廖立凡"
STOM403648,牙体形态学,78.0,3.0,孙慧玲
STOM403848,儿童牙病学Ⅱ,44.0,2.0,"肖刚,刘飞,董宁"
STOM404048,口腔颌面外科学Ⅰ,90.0,4.5,"文抑西,李旭奎,杨柳小溪"
STOM404248,固定义齿修复学Ⅰ,80.0,3.0,"裴丹丹,王方,韩影,甘婧"
STOM405048,口腔解剖生理学,40.0,1.5,"董炜疆,孙慧玲,王文斯"
STOM405148,口腔修复学,148.0,6.0,"逯宜,高金霞,牛林,韩影,赵巍,汪鹏,裴丹丹,贾如,董少杰,何治一,刘瑞瑞,王文斯,肖敏,李蕴聪"
STOM405248,黏膜病学,20.0,1.0,"苗群爱,董凯"
STOM405548,口腔医学教育创新,16.0,1.0,"裴丹丹,张鲍明,侯琳娜"
STOM405648,合学,40.0,2.0,"亓坤,孙慧玲,王爽,刘瑞瑞"
STOM405748,口腔正畸学,56.0,2.5,"周洪,侯玉霞,王菲,王爽,乔虎,邹蕊,王丽颖,赵华翔,郭昱成,管丽敏"
STOM405948,口腔组织病理学I,40.0,1.5,"齐红,李淑薇,张佳,辛颖"
STOM406148,牙周病学,56.0,2.5,"苗棣,陈悦,司薇杭,何康,周欢"
CHEM200229,储能化学基础-2,48.0,3.0,"周桂江,丁书江,肖春辉"
CHEM200429,化学专业导论课,16.0,1.0,"唐玉海,杨鸿辉,丁书江,张彦峰,魏巍,孙源慧,吴宥伸,肖春辉"
CHEM200529,物理及化学基础实验,64.0,2.0,白艳红
CHEM200629,基础化学Ⅰ,32.0,2.0,李健军
CHEM200829,大学化学课程答疑,0.0,0.0,张雯
CHEM246009,医用近代仪器分析,32.0,2.0,李骁勇
CHEM249009,物理化学,112.0,5.5,李骁勇
CHEM249609,物质结构与性质-有机篇,88.0,4.0,王丽娟
CHEM249809,大学化学,48.0,3.0,张雯
CHEM249909,大学化学实验,32.0,1.0,"李芬,杜姣姣"
CHEM250109,医用有机化学,64.0,4.0,徐四龙
CHEM250309,医用有机化学实验,48.0,1.5,李宝平
CHEM250509,普通化学原理-2,64.0,3.0,杨晓龙
CHEM250909,物理化学Ⅱ,64.0,4.0,岳岭
CHEM251009,有机化学Ⅱ,64.0,4.0,李静
CHEM251109,有机化学Ⅲ,48.0,3.0,高品
CHEM251809,化学原理,96.0,5.0,"张志成,王婉秦"
CHEM252309,储能化学基础实验-2,16.0,0.5,白艳红
CHEM252409,储能化学基础-2,48.0,3.0,"高国新,周桂江"
CHEM300229,储能原理Ⅰ,48.0,3.0,"丁书江,高国新"
CHEM300329,无机化学 Ⅲ-2,32.0,2.0,张雯
CHEM300429,无机化学实验 Ⅲ-2,32.0,1.0,张雯
CHEM320309,现代仪器分析,40.0,2.5,和玲
CHEM320409,现代仪器分析实验,32.0,1.0,张军杰
CHEM340709,Organic Chemistry,64.0,4.0,"白艳红,徐四龙"
CHEM341909,物理化学实验-1,32.0,1.0,王耿
CHEM342009,有机化学实验-1,32.0,1.0,朱敏
CHEM342209,物理化学Ⅰ-1,64.0,4.0,赵翔
CHEM342309,有机化学Ⅰ-2,48.0,3.0,刘乐
CHEM342409,有机化学实验-2,80.0,2.5,"朱敏,胡明友"
CHEM343409,储能原理-1,48.0,3.0,"高国新,丁书江"
CHEM450709,配位化学,32.0,2.0,卜腊菊
CHEM450909,有机合成化学,48.0,3.0,郭丽娜
CHEM451109,材料化学基础,32.0,2.0,于德梅
CHEM451209,化学生物学基础,32.0,2.0,孙杨
CHEM451609,结构化学,48.0,3.0,吴勇
CHEM451709,高分子化学,32.0,2.0,成一龙
CHEM451809,无机制备化学,32.0,2.0,"梁军艳,熊礼龙"
CHEM451909,电化学基础,48.0,3.0,肖春辉
CHEM452009,高分子物理实验,48.0,1.5,李瑜
CHEM452109,高分子物理,32.0,2.0,井新利
CHEM452209,高分子化学实验,48.0,1.5,高国新
CHEM500109,胶体与界面化学,32.0,2.0,孟令杰
CHEM501309,先进功能材料,32.0,2.0,"张彦峰,成一龙"
CORE100209,化学与人类文明,32.0,2.0,唐玉海
GNED100209,分析化学与社会发展,32.0,2.0,"王婉秦,许昭"
GNED100509,现代化学电源探秘,40.0,2.0,"熊礼龙,杜显锋"
JZSJ900109,科研训练-3,32.0,1.0,吕东梅
ARCH400331,数字空间表现基础（英）,32.0,2.0,"LuigiCocchiarella,赵腾远,岳焱超"
INDE400231,产品生命周期管理（英）,32.0,2.0,"李宏伟,SergioTerzi"
INDE400331,概念表达技法Ⅱ（英）,56.0,2.5,"FaustoBrevi,张煜,FloraGaetani"
INDE500131,项目管理（英）,32.0,2.0,"蔺肖曼,MauroMancini"
CORE100151,经济学导论,32.0,2.0,秦波涛
CORE100251,经济学的思维方式,32.0,2.0,俞炜华
CORE100351,华尔街如何管理金融风险：交大财富课,32.0,2.0,"李晶,张国平"
ECND300351,中级微观经济学Intermediate Microeconomics,64.0,4.0,李迎雪
ECND300451,中级宏观经济学Intermediate Macroeconomics,64.0,4.0,张一
ECND400651,产业经济学Industrial Economics,48.0,3.0,"郭誉森,郝翊然"
ECND400951,时间序列分析Time Series Analysis,48.0,3.0,Jae-Yoon Kim
FINA300851,金融学原理,48.0,3.0,赵媛
FINA400251,货币银行学Money and Banking,32.0,2.0,侯晓辉
FINA400351,金融市场学,32.0,2.0,周翔翼
FINA500251,金融风险管理Financial Risk Management,32.0,2.0,李晶
GNED100151,经济学与社会,16.0,1.0,俞炜华
XJLU400251,Principles of Macroeconomics,150.0,5.0,张一
XJLU400351,Maths for Economics and Business,150.0,5.0,"胡琳,Jae-Yoon Kim"
XJLU400451,Foundations of Finance,150.0,5.0,李晶
XJLU400751,Introduction to Finance,150.0,5.0,侯晓辉
AUTO040105,自动化专业概论,16.0,1.0,蔡远利
AUTO200527,储能系统检测与估计,32.0,2.0,张乐
AUTO400305,运筹学I,48.0,3.0,徐占伯
AUTO400405,运筹学II,32.0,2.0,鄢超波
AUTO400505,自动控制原理 I 下,32.0,2.0,"杨清宇,安豆"
AUTO400727,强化学习与自然计算,64.0,4.0,"薛建儒,张元林"
AUTO402327,运动控制系统（钱）,48.0,2.5,"刘小勇,刘源"
AUTO440805,计算机网络原理与应用,48.0,2.5,杨静
AUTO441105,运动控制系统,40.0,2.5,杨旸
AUTO501027,信息物理融合能源系统,32.0,2.0,"管晓宏,徐占伯,吴江,刘坤,刘烃"
AUTO501327,系统仿真与元宇宙,32.0,2.0,卫军胡
AUTO540105,过程控制与系统,32.0,2.0,郑辑光
AUTO540205,计算机控制技术,32.0,2.0,葛思擘
AUTO540605,工业系统综合自动化基础,32.0,2.0,高峰
AUTO542705,自动控制原理专题实验2,16.0,0.5,景洲
AUTO543005,“运动控制系统”专题实验,32.0,1.0,刘源
AUTO543105,“现代检测技术”专题实验,32.0,1.0,刘瑞玲
AUTO543205,“计算机控制技术”专题实验,32.0,1.0,景洲
AUTO543305,电子线路设计设计训练专题实验2,24.0,0.75,刘美兰
AUTO543605,过程控制与系统专题实验,32.0,1.0,"刘瑞玲,王莹"
AUTO545005,智能控制,32.0,2.0,胡怀中
AUTO545405,移动机器人,32.0,2.0,吕娜
AUTO545505,数字图像与视频处理,40.0,2.5,"兰旭光,张雪涛"
AUTO545605,无线传感器网络,32.0,2.0,"姚向华,刘静"
AUTO545705,网络与信息安全,40.0,2.0,"沈超,蔺琛皓,刘烃"
AUTO545805,计算智能,32.0,2.0,柯良军
AUTO545905,导航与制导原理,32.0,2.0,兰剑
CODE520011,数字逻辑设计专题实验,32.0,1.0,张斌
COMP000105,计算机科学技术导论,16.0,1.0,"郑庆华,师斌"
COMP000227,网络空间安全导论,32.0,2.0,"苏洲,刘怡良,李吉亮"
COMP200627,大学计算机I（米理）,56.0,3.0,"薄钧戈,齐琪,乔亚男"
COMP200727,大学计算机II（米理）,32.0,2.0,薄钧戈
COMP201553,数据库基础及应用,32.0,2.0,赵英良
COMP201853,计算机程序设计,64.0,3.0,顾刚
COMP250105,离散数学A,64.0,4.0,钱屹
COMP250405,大学计算机基础（民族预科）,56.0,3.0,张伟
COMP250505,算法设计与问题求解,48.0,2.0,乔亚男
COMP250605,大学计算机I,56.0,3.0,刘虎军
COMP250905,面向对象与数据分析（C#）,40.0,2.0,房琛琛
COMP251005,大学计算机IV,56.0,3.0,谢涛
COMP251105,数据库基础及应用,36.0,2.0,卫颜俊
COMP251205,Python数据处理,48.0,2.5,夏秦
COMP252005,数字逻辑电路,48.0,3.0,顿玉洁
COMP300205,程序设计基础,56.0,3.0,朱海萍
COMP300627,计算机科学基础和高级程序设计-1,32.0,2.0,钱屹
COMP300727,嵌入式智能系统,40.0,2.0,李保红
COMP350405,数据结构与算法A（拔尖班）,80.0,4.0,"乔亚男,薄钧戈"
COMP400127,无线传感器网络,32.0,2.0,范建存
COMP400327,程序设计思想方法与实践,64.0,3.0,杨义军
COMP400527,人工智能导论,32.0,2.0,张玲玲
COMP400727,计算机系统导论,64.0,3.5,"单丹枫,李昊"
COMP450305,形式语言与编译,56.0,3.5,李波
COMP451105,编译器设计专题实验,32.0,1.0,戴慧珺
COMP460605,计算机网络专题实验,32.0,1.0,郑卫斌
COMP460805,传感与检测专题实验,32.0,1.0,张利平
COMP460905,认知计算与机器学习,40.0,2.0,鲍军鹏
COMP461405,数据库系统,64.0,3.5,任雪斌
COMP461505,计算机体系结构,56.0,3.0,陈衡
COMP462105,数据库系统,48.0,2.5,"何亮,孙鹤立"
COMP462205,算法分析与设计,48.0,2.5,朱晓燕
COMP462305,计算机原理与嵌入式系统,48.0,3.0,杨晨
COMP462705,物联网原理,56.0,3.5,"桂小林,安健,丁菡"
COMP462805,物联网信息安全,40.0,2.0,"桂小林,戴慧珺"
COMP550305,面向对象程序设计,48.0,2.5,李保红
COMP550605,组合数学,32.0,2.0,蔺杰
COMP550705,软件定义网络,40.0,2.0,张鹏
COMP551005,汇编语言,48.0,2.5,张兴军
COMP553005,电子系统设计专题实验2,16.0,0.5,郑卫斌
COMP560105,计算机组成原理,48.0,3.0,"王换招,秦涛"
COMP560805,物体标识与管理专题实验,32.0,1.0,安健
COMP561705,软件工程,32.0,2.0,鲍军鹏
COMP561805,JAVA语言程序设计,40.0,2.0,"王志文,冯伟"
COMP562205,计算机视觉与模式识别,48.0,2.5,苏远歧
CORE100105,表达与交流,48.0,3.0,"王兆宏,闫理贺,陈希,管晓宏"
CORE100127,人工智能导论,32.0,2.0,辛景民
CORE100305,基于“互联网+”背景的创业基础,48.0,2.0,张莹
CORE100405,大数据思维与科学创新,32.0,2.0,"朱海萍,LI CHEN,叶凯,赵玺,田锋"
EELC000227,微电子科学与工程导论,16.0,1.0,"张鸿,程军,张国和,耿莉"
EELC200105,微机原理与应用技术,56.0,3.0,"张朝阳,陈涛"
EELC200227,半导体物理与器件专题实验2,24.0,0.5,雷冰洁
EELC300127,数字逻辑电路Ⅱ,48.0,3.0,李昕
EELC300227,数字逻辑电路实验Ⅱ,32.0,1.0,杨栋
EELC300505,电子技术实验-2,16.0,0.5,郑卫斌
EELC400105,数字逻辑电路,56.0,3.5,伍卫国
EELC400227,电化学基础,56.0,3.0,徐友龙
EELC400327,热力学与统计物理,32.0,2.0,"阙文修,尹行天"
EELC400427,半导体物理,56.0,3.0,"牛刚,赵金燕"
EELC400527,电化学基础,56.0,3.0,"徐友龙,易文辉,王景平"
EELC400627,现代电池技术,40.0,2.0,"徐友龙,张洁,王景平"
EELC400727,微观分析导论,32.0,2.0,汪敏强
EELC400827,电化学基础,56.0,3.0,易文辉
EELC410205,半导体物理,56.0,3.5,"徐友龙,牛刚,刘增辉"
EELC410605,固体电子学实验1,32.0,1.0,王景平
EELC410805,物理电子学实验1,32.0,1.0,"刘效增,陈兵"
EELC410905,微电子学实验,32.0,1.0,"王景平,姚向华"
EELC411005,光电子学实验1,32.0,1.0,田亚玲
EELC420405,微电子制造技术,32.0,2.0,刘明
EELC420605,集成电路工艺专题实验,48.0,1.5,张莉丽
EELC420905,模拟集成电路专题实验,48.0,1.5,齐欢欢
EELC421505,电介质物理,64.0,3.5,"徐卓,魏晓勇,李飞,夏颂"
EELC421905,模拟电子系统专题实验,32.0,1.0,齐欢欢
EELC422105,数字系统设计基础,32.0,2.0,梁峰
EELC422205,数字系统设计专题实验,32.0,1.0,雷冰洁
EELC422305,半导体器件,48.0,3.0,彭文博
EELC422405,模拟集成电路设计II,40.0,2.5,许江涛
EELC511105,电子材料与器件原理,40.0,2.5,"周迪,胡庆元"
EELC511205,材料物理化学,40.0,2.5,"李振荣,王玲艳,刘增辉"
EELC511305,现代微分析导论,32.0,2.0,汪敏强
EELC512105,信息显示技术（双语）,40.0,2.5,胡文波
EELC513105,光电子材料与器件（双语）,32.0,2.0,"云峰,丁文,田振寰"
EELC513205,现代光学,40.0,2.5,"陈烽,杜广庆"
EELC513305,激光原理与技术,40.0,2.5,樊叔维
EELC520805,集成电路封装技术,32.0,2.0,李高明
EELC522005,微机电系统,32.0,2.0,韩传余
EELC530405,射频电路设计专题实验,32.0,1.0,师振盛
EELC530805,信号与系统VI,56.0,3.0,"王洪广,黄健"
EELC530905,等离子体电子学导论,32.0,2.0,"李永东,王耀功"
ELEC300227,电子技术基础,96.0,5.0,"符均,张育"
ELEC300327,现代电子技术基础,56.0,3.0,"徐然,王若铮"
ELEC520205,半导体器件建模,40.0,2.5,张国和
GNED100127,《历史上最伟大的10个方程》,16.0,1.0,"曹猛,张贻齐,刘纯亮"
GNED100227,《人类简史》导读,16.0,1.0,蔡寅
GNED100327,《时间简史》导读,16.0,1.0,李峰
GNED100527,艺术与科学的交汇,16.0,1.0,"管晓宏,杜友田"
GNED100627,互联网技术与应用,32.0,2.0,杨琦
GNED100727,计算思维与程序设计,32.0,2.0,杨琦
GNED100827,从一到无穷大,16.0,1.0,"李璟睿,庄建,张楠"
GNED100927,普通人的诺奖之旅—量子十讲,16.0,1.0,"牛刚,王玮,问峰,王宏兴"
GNED101127,系统工程与项目管理,32.0,2.0,彭勤科
GNED106505,卫星导航系统漫谈,32.0,2.0,杨宜康
INFT000127,信息工程专业概论,16.0,1.0,罗新民
INFT300105,信号与系统Ⅰ,64.0,4.0,张渭乐
INFT300127,信号与系统III,48.0,3.0,郑通兴
INFT300205,信息工程专业导论,8.0,0.5,罗新民
INFT400127,通信原理与应用,96.0,5.5,"范建存,张莹,张翠翠"
INFT400405,电磁场理论I,56.0,3.5,"刘纯亮,张贻齐"
INFT400705,信号与系统III,52.0,3.0,王磊
INFT430605,信号与系统实验,16.0,0.5,黄健
INFT430905,电磁场与电磁波,56.0,3.5,张安学
INFT431005,无线通信系统虚拟仿真实验,16.0,0.5,"张国梅,张世娇"
INFT431105,通信原理实验,16.0,0.5,张翠翠
INFT431505,电子技术实验-2,16.0,0.5,张翠翠
INFT530105,信息论基础The Elements of Information Theory,40.0,2.5,王慧明
INFT530205,移动通信,40.0,2.5,罗新民
INFT530905,随机信号分析,32.0,2.0,罗新民
INFT531805,ARM单片机原理与应用,48.0,2.0,曹俊
INFT532705,短距离无线通信专题实验,32.0,1.0,陈伟
INFT533005,工程与社会,8.0,0.5,张育
INFT533205,数字通信与无线系统,40.0,2.5,"任品毅,张国梅,杜清河,高贞贞"
INFT533605,电子系统设计基础,32.0,1.0,张翠翠
INFT533705,光纤通信,40.0,2.5,田春明
INFT533805,数据通信与计算机网络,40.0,2.5,洪伟
INFT533905,通信网与程控交换技术,40.0,2.5,张亦希
INFT534005,微机原理及应用,48.0,2.5,"张国梅,张育"
INFT534105,天线原理,32.0,2.0,陈晓明
INFT534205,纠错编码理论,32.0,2.0,李锋
INFT534305,数字图象处理,32.0,2.0,梁毅军
INFT534405,信号与系统IV,40.0,2.5,顿玉洁
INFT534505,数字信号处理,40.0,2.5,张懿洁
ITDE514105,太阳能电池设计制作,32.0,1.0,易文辉
ITDE514305,压电器件设计制作,32.0,1.0,夏颂
ITDE514405,电子系统设计制作,32.0,1.0,张朝阳
JZSJ300111,专业实习,0.0,3.0,金莉
JZSJ900527,初级项目2：基于FPGA开发板的数字系统设计,52.0,2.0,程军
MATH200127,离散数学Ⅳ,32.0,2.0,李闯
MATH200327,概率统计与随机过程,64.0,4.0,"王平辉,边浩"
MATH230305,工程优化方法与应用,32.0,2.0,高贞贞
MATH230405,信息科学的矩阵分析基础,32.0,2.0,贺丽君
MATH300111,图论与代数系统,32.0,2.0,"李文,赵国帅"
PHYS410105,量子力学,32.0,2.0,吴朝新
PHYS410205,热力学与统计物理,32.0,2.0,阙文修
SCTR400205,论文写作与发表,16.0,1.0,唐亚哲
SCTR400405,计算机科研习课,128.0,4.0,唐亚哲
SCTR530105,科研训练,32.0,1.0,李秦龙
SOFT300127,软件工程导论,16.0,1.0,"金莉,曲桦"
SOFT300227,数字逻辑与数字系统,40.0,2.5,张斌
SOFT400327,计算机网络,40.0,2.0,朱利
SOFT420311,编译原理,40.0,2.5,吴晓军
SOFT420811,数据库系统（英）,40.0,2.5,"侯迪,白秀秀"
SOFT420911,软件工程经济学,32.0,2.0,王晨旭
SOFT500127,数据库系统设计综合训练,16.0,0.5,白秀秀
SOFT500427,图像处理与机器视觉,40.0,2.5,"田智强,祝继华"
SOFT500527,机器学习技术综合训练,16.0,0.5,庞善民
SOFT500627,网络信息安全,32.0,2.0,田暄
SOFT510711,机器学习导论,32.0,2.0,"庞善民,GONG YIHONG"
SOFT510911,编译系统设计综合训练,16.0,0.5,吴晓军
SOFT511111,大数据技术,32.0,2.0,赵加坤
SOFT511211,计算机网络专题实验,32.0,1.0,张玉龙
SOFT511711,自然语言处理技术,32.0,2.0,姜沛林
SOFT900811,图像处理与机器视觉综合训练,16.0,0.5,"田智强,祝继华"
SOFT900911,Python程序设计综合训练,16.0,0.5,"张玉龙,郭宇"
AUTO200127,计算机科学与人工智能的数学基础I,64.0,4.0,汪建基
AUTO200327,信息论,32.0,2.0,"陈霸东,杨勐"
AUTO300527,人工智能的现代方法II-机器学习,40.0,2.5,魏平
AUTO400427,机器人导航技术实验,32.0,1.0,袁泽剑
AUTO400627,脑信号处理实验,32.0,1.0,陈霸东
AUTO400927,机器人学基础,56.0,3.0,徐林海
AUTO401027,多智能体与人机混合智能,40.0,2.0,"郑南宁,张雪涛"
AUTO402127,人工智能工具、平台与系统,40.0,2.0,"刘剑毅,张旭翀"
AUTO500427,游戏AI设计与开发,22.0,1.0,刘龙军
AUTO500627,人工智能的科学理解,16.0,1.0,郑南宁
AUTO501127,智能感知与移动计算,38.0,2.0,"惠维,王鸽"
COMP200327,计算机体系结构,48.0,3.0,任鹏举
COMP500127,3D计算机图形学,38.0,2.0,刘跃虎
EPRA300252,电工实习Ⅰ,32.0,1.0,"张春梅,赵军亚,杨荣,孙有为,夏禹"
ETRA300152,综合工程训练1,40.0,1.0,"张春梅,张铭,赵军亚,王娜,栗茂林,张育林,李党超,加有维,崔琦,黄宝娟,杨荣,邵敏,李铭,沈瑶,王明伟,毕文婷"
ETRA300252,综合工程训练3,40.0,1.0,"张春梅,张铭,赵军亚,王娜,栗茂林,张育林,李党超,加有维,崔琦,黄宝娟,杨荣,邵敏,李铭,沈瑶,王明伟,毕文婷"
ETRA300352,综合工程训练2,40.0,1.0,"张春梅,张铭,赵军亚,王娜,栗茂林,张育林,李党超,加有维,崔琦,黄宝娟,杨荣,邵敏,李铭,沈瑶,王明伟,毕文婷"
GNED100252,机器人创意设计与实践,48.0,2.0,"张育林,黄宝娟"
MCRA200152,测控实习,32.0,1.0,"黄宝娟,李铭"
MPRA200152,金工实习Ⅱ,32.0,1.0,"栗茂林,刘小源,郁志浩,周耀成,吴毅,张铭,张珂,李党超,加有维,崔琦,邵敏,沈瑶,曲滨,吴文宝,邓天鑫,韩德杰,赵宁,孙毓忠,祁小朋,徐峰"
MPRA200252,金工实习Ⅲ-2,64.0,1.0,"栗茂林,刘小源,周耀成,吴毅,张铭,郁志浩,张珂,李党超,加有维,崔琦,邵敏,沈瑶,曲滨,吴文宝,邓天鑫,祁小朋,徐峰,赵宁,孙毓忠,韩德杰"
MPRA200452,金工实习Ⅰ,64.0,2.0,"栗茂林,刘小源,郁志浩,周耀成,吴毅,张铭,张珂,李党超,加有维,崔琦,邵敏,沈瑶,曲滨,吴文宝,邓天鑫,韩德杰,赵宁,孙毓忠,祁小朋,徐峰"
BICH500160,纳米科学与技术,32.0,2.0,"高传博,金明尚"
BICH500260,生物能源科学,32.0,2.0,王洪
CHEM5001QY,催化原理,32.0,2.0,"郭武生,李鹏飞"
GNED100160,《天朝的崩溃》导读,16.0,1.0,吴超
GNED100260,科学视野中的科幻小说《三体》导读,16.0,1.0,缑高阳
GNED100126,重大工程设计导论,16.0,1.0,"杨树明,吴云,彭宗仁,秋穗正,严俊杰,杨宜康,曹建福,何卫锋"
JZSJ500526,在线课程学习,0.0,2.0,罗先觉
CORE100154,国际关系分析,32.0,2.0,李科
CORE100254,孙子兵法的智慧,32.0,2.0,"徐宇春,问鸿滨"
CORE100354,战争与谋略：二战经典战役评析,32.0,2.0,"问鸿滨,初阔林,闫忠林"
GNED105654,中东问题与中东战争,32.0,2.0,"问鸿滨,徐宇春,闫忠林"
GNED105854,欧亚内陆帝国势力兴衰史,32.0,2.0,"闫忠林,初阔林"
GNED105954,海洋安全与大国崛起,32.0,2.0,"问鸿滨,张昊"
GNED106054,《左传》导读,16.0,1.0,徐宇春
GNED109500,国家安全问题透视,32.0,2.0,刘玉青
MILI100554,国防教育,32.0,2.0,"问鸿滨,徐宇春,闫忠林,王志朋"
XJLU300198,管理会计导论,150.0,5.0,董南雁
XJLU300398,会计信息系统,150.0,5.0,"夏秦,张晓红"
XJLU300498,商业与市场的经济学原理,150.0,5.0,徐丽华
